Name,compass08.sivers.pi-.dpt
Comment,COMPASS SSA-Sivers pi- (differential in pt)
Reference,0802.2160
Process type,SIDIS
Number of points,9
Number of uncorr.errors,1
Number of corr.errors,0
Number of norm.errors,0
List of norm.errors (relative),
Total cross-section nomalized,False
List of points 
Point id,process id,weightProcess,s[GeV^2],<Q>[GeV],Qmin[GeV],Qmax[GeV],<x>,xMin,xMax,<z>,zMin,zMax,<pT>[GeV],pTMin[GeV],pTMax[GeV],xSec,Uncorr.Err.0,Th.Factor,FiducialCuts,yMin,yMax,W2min[GeV^2],W2max[GeV^2],TargetMass[GeV],ProductMass[GeV]
compass08.sivers.pi-.dpt.0,1 - 1 - 12031,1 - 1 - 2031,301.03984399999996,1.746424919657298,1.0,16.436057921533376,0.041,0.03,1.0,0.35,0.2,1.0,0.1545,0.1,0.2,0.0059,0.0114,1.0,True,0.1,0.9,25.0,10000.0,0.938,0.139
compass08.sivers.pi-.dpt.0,1 - 1 - 12031,1 - 1 - 2031,301.03984399999996,1.7320508075688772,1.0,16.436057921533376,0.04,0.03,1.0,0.35,0.2,1.0,0.252,0.2,0.3,-0.01,0.0094,1.0,True,0.1,0.9,25.0,10000.0,0.938,0.139
compass08.sivers.pi-.dpt.0,1 - 1 - 12031,1 - 1 - 2031,301.03984399999996,1.7349351572897471,1.0,16.436057921533376,0.039,0.03,1.0,0.35,0.2,1.0,0.3497,0.3,0.4,-0.0148,0.009,1.0,True,0.1,0.9,25.0,10000.0,0.938,0.139
compass08.sivers.pi-.dpt.0,1 - 1 - 12031,1 - 1 - 2031,301.03984399999996,1.7549928774784245,1.0,16.436057921533376,0.039,0.03,1.0,0.35,0.2,1.0,0.4483,0.4,0.5,-0.0186,0.0096,1.0,True,0.1,0.9,25.0,10000.0,0.938,0.139
compass08.sivers.pi-.dpt.0,1 - 1 - 12031,1 - 1 - 2031,301.03984399999996,1.7748239349298849,1.0,16.436057921533376,0.038,0.03,1.0,0.35,0.2,1.0,0.5475,0.5,0.6,-0.0021,0.011,1.0,True,0.1,0.9,25.0,10000.0,0.938,0.139
compass08.sivers.pi-.dpt.0,1 - 1 - 12031,1 - 1 - 2031,301.03984399999996,1.797220075561143,1.0,16.436057921533376,0.038,0.03,1.0,0.36,0.2,1.0,0.668,0.6,0.75,-0.0185,0.011,1.0,True,0.1,0.9,25.0,10000.0,0.938,0.139
compass08.sivers.pi-.dpt.0,1 - 1 - 12031,1 - 1 - 2031,301.03984399999996,1.8138357147217055,1.0,16.436057921533376,0.037,0.03,1.0,0.38,0.2,1.0,0.8168,0.75,0.9,-0.0028,0.0152,1.0,True,0.1,0.9,25.0,10000.0,0.938,0.139
compass08.sivers.pi-.dpt.0,1 - 1 - 12031,1 - 1 - 2031,301.03984399999996,1.849324200890693,1.0,16.436057921533376,0.036,0.03,1.0,0.4,0.2,1.0,1.042,0.9,1.3,-0.0099,0.0162,1.0,True,0.1,0.9,25.0,10000.0,0.938,0.139
compass08.sivers.pi-.dpt.0,1 - 1 - 12031,1 - 1 - 2031,301.03984399999996,1.9570385790780926,1.0,16.436057921533376,0.035,0.03,1.0,0.42,0.2,1.0,1.554,1.3,10.0,-0.0289,0.0354,1.0,True,0.1,0.9,25.0,10000.0,0.938,0.139
