Name,compass16.sivers.h-.1<z<2.1<Q<2.dz
Comment,COMPASS16 SSA-Sivers h-, 0.1<z<0.2, 1<Q<2 (differential in z)
Reference,1609.07374
Process type,SIDIS
Number of points,5
Number of uncorr.errors,2
Number of corr.errors,0
Number of norm.errors,0
List of norm.errors (relative),
Total cross-section nomalized,False
List of points 
Point id,process id,weightProcess,s[GeV^2],<Q>[GeV],Qmin[GeV],Qmax[GeV],<x>,xMin,xMax,<z>,zMin,zMax,<pT>[GeV],pTMin[GeV],pTMax[GeV],xSec,Uncorr.Err.0,Uncorr.Err.1,Th.Factor,FiducialCuts,yMin,yMax,W2min[GeV^2],W2max[GeV^2],TargetMass[GeV],ProductMass[GeV]
compass16.sivers.h-.1<z<2.1<Q<2.dz.0,1 - 1 - 12040,1 - 1 - 2040,301.03984399999996,1.3928388277184118,1.0,6.258664394261766,0.025,0.003,0.145,0.11,0.1,0.12,0.37,0.1,10.0,0.0,0.004,0.005,1.0,True,0.1,0.9,10.0,10000.0,0.938,0.139
compass16.sivers.h-.1<z<2.1<Q<2.dz.0,1 - 1 - 12040,1 - 1 - 2040,301.03984399999996,1.3928388277184118,1.0,6.258664394261766,0.026,0.003,0.145,0.13,0.12,0.14,0.39,0.1,10.0,0.011,0.005,0.005,1.0,True,0.1,0.9,10.0,10000.0,0.938,0.139
compass16.sivers.h-.1<z<2.1<Q<2.dz.0,1 - 1 - 12040,1 - 1 - 2040,301.03984399999996,1.3928388277184118,1.0,6.258664394261766,0.026,0.003,0.145,0.15,0.14,0.16,0.41,0.1,10.0,0.006,0.005,0.006,1.0,True,0.1,0.9,10.0,10000.0,0.938,0.139
compass16.sivers.h-.1<z<2.1<Q<2.dz.0,1 - 1 - 12040,1 - 1 - 2040,301.03984399999996,1.3928388277184118,1.0,6.258664394261766,0.027,0.003,0.145,0.17,0.16,0.18,0.42,0.1,10.0,0.008,0.006,0.006,1.0,True,0.1,0.9,10.0,10000.0,0.938,0.139
compass16.sivers.h-.1<z<2.1<Q<2.dz.0,1 - 1 - 12040,1 - 1 - 2040,301.03984399999996,1.3928388277184118,1.0,6.258664394261766,0.027,0.003,0.145,0.19,0.18,0.2,0.44,0.1,10.0,-0.002,0.006,0.007,1.0,True,0.1,0.9,10.0,10000.0,0.938,0.139
