Name,compass08.sivers.k+leading.dx
Comment,COMPASS SSA-Sivers k+ leading (differential in x)
Reference,0802.2160
Process type,SIDIS
Number of points,9
Number of uncorr.errors,1
Number of corr.errors,0
Number of norm.errors,0
List of norm.errors (relative),
Total cross-section nomalized,False
List of points 
Point id,process id,s[GeV^2],<Q>[GeV],Qmin[GeV],Qmax[GeV],<x>,xMin,xMax,<z>,zMin,zMax,<pT>[GeV],pTMin[GeV],pTMax[GeV],xSec,Uncorr.Err.0,Th.Factor,FiducialCuts,yMin,yMax,W2min[GeV^2],W2max[GeV^2],TargetMass[GeV],ProductMass[GeV]
compass08.sivers.k+leading.dx.0,1 - 1 - 12001,301.03984399999996,1.1090536506409416,1.0,1.4700857117869013,0.006512,0.003,0.008,0.35,0.25,1.0,0.6,0.1,10.0,-0.0948,0.0583,1.0,True,0.1,0.9,25.0,10000.0,0.938,0.139
compass08.sivers.k+leading.dx.0,1 - 1 - 12001,301.03984399999996,1.2083045973594573,1.0,1.8739989327638369,0.01059,0.008,0.013,0.4,0.25,1.0,0.59,0.1,10.0,-0.0526,0.0324,1.0,True,0.1,0.9,25.0,10000.0,0.938,0.139
compass08.sivers.k+leading.dx.0,1 - 1 - 12001,301.03984399999996,1.3152946437965904,1.0,2.3244096024582244,0.01635,0.013,0.02,0.43,0.25,1.0,0.58,0.1,10.0,0.03,0.0266,1.0,True,0.1,0.9,25.0,10000.0,0.938,0.139
compass08.sivers.k+leading.dx.0,1 - 1 - 12001,301.03984399999996,1.493318452306808,1.0,2.9401714235738026,0.02538,0.02,0.032,0.48,0.25,1.0,0.56,0.1,10.0,0.0349,0.0248,1.0,True,0.1,0.9,25.0,10000.0,0.938,0.139
compass08.sivers.k+leading.dx.0,1 - 1 - 12001,301.03984399999996,1.8220867158288598,1.0,3.6752142794672533,0.03981,0.032,0.05,0.5,0.25,1.0,0.55,0.1,10.0,0.0092,0.028,1.0,True,0.1,0.9,25.0,10000.0,0.938,0.139
compass08.sivers.k+leading.dx.0,1 - 1 - 12001,301.03984399999996,2.3065125189341593,1.2250714264890845,4.648819204916449,0.06283,0.05,0.08,0.49,0.25,1.0,0.55,0.1,10.0,0.036,0.0317,1.0,True,0.1,0.9,25.0,10000.0,0.938,0.139
compass08.sivers.k+leading.dx.0,1 - 1 - 12001,301.03984399999996,2.9120439557122073,1.549606401638816,5.926104960258466,0.101,0.08,0.13,0.49,0.25,1.0,0.55,0.1,10.0,-0.0106,0.0398,1.0,True,0.1,0.9,25.0,10000.0,0.938,0.139
compass08.sivers.k+leading.dx.0,1 - 1 - 12001,301.03984399999996,3.6606010435446255,1.9753683200861554,7.531947955210524,0.1606,0.13,0.21,0.49,0.25,1.0,0.55,0.1,10.0,-0.0088,0.057,1.0,True,0.1,0.9,25.0,10000.0,0.938,0.139
compass08.sivers.k+leading.dx.0,1 - 1 - 12001,301.03984399999996,5.167204273105526,2.5321309282844524,16.436057921533376,0.283,0.21,1.0,0.48,0.25,1.0,0.58,0.1,10.0,0.0287,0.0943,1.0,True,0.1,0.9,25.0,10000.0,0.938,0.139
