Name,compass16.sivers.h-.zgt02.Q1-2.dpt
Comment,COMPASS16 SSA-Sivers h-, z>0.2, 1<Q<2 (differential in pt)
Reference,1609.07374
Process type,SIDIS
Number of points,5
Number of uncorr.errors,2
Number of corr.errors,0
Number of norm.errors,0
List of norm.errors (relative),
Total cross-section nomalized,False
List of points 
Point id,process id,weightProcess,s[GeV^2],<Q>[GeV],Qmin[GeV],Qmax[GeV],<x>,xMin,xMax,<z>,zMin,zMax,<pT>[GeV],pTMin[GeV],pTMax[GeV],xSec,Uncorr.Err.0,Uncorr.Err.1,Th.Factor,FiducialCuts,yMin,yMax,W2min[GeV^2],W2max[GeV^2],TargetMass[GeV],ProductMass[GeV]
compass16.sivers.h-.zgt02.Q1-2.dpt.0,1 - 1 - 12040,1 - 1 - 2040,301.03984399999996,1.3820274961085253,1.0,6.258664394261766,0.029,0.003,0.145,0.37,0.2,1.0,0.21,0.1,0.3,0.006,0.004,0.005,1.0,True,0.1,0.9,10.0,10000.0,0.938,0.139
compass16.sivers.h-.zgt02.Q1-2.dpt.0,1 - 1 - 12040,1 - 1 - 2040,301.03984399999996,1.3820274961085253,1.0,6.258664394261766,0.028,0.003,0.145,0.36,0.2,1.0,0.4,0.3,0.5,-0.008,0.004,0.004,1.0,True,0.1,0.9,10.0,10000.0,0.938,0.139
compass16.sivers.h-.zgt02.Q1-2.dpt.0,1 - 1 - 12040,1 - 1 - 2040,301.03984399999996,1.3892443989449805,1.0,6.258664394261766,0.028,0.003,0.145,0.36,0.2,1.0,0.61,0.5,0.75,-0.003,0.005,0.005,1.0,True,0.1,0.9,10.0,10000.0,0.938,0.139
compass16.sivers.h-.zgt02.Q1-2.dpt.0,1 - 1 - 12040,1 - 1 - 2040,301.03984399999996,1.3928388277184118,1.0,6.258664394261766,0.026,0.003,0.145,0.38,0.2,1.0,0.85,0.75,1.0,-0.0,0.007,0.008,1.0,True,0.1,0.9,10.0,10000.0,0.938,0.139
compass16.sivers.h-.zgt02.Q1-2.dpt.0,1 - 1 - 12040,1 - 1 - 2040,301.03984399999996,1.4,1.0,6.258664394261766,0.023,0.003,0.145,0.41,0.2,1.0,1.26,1.0,10.0,-0.012,0.01,0.011,1.0,True,0.1,0.9,10.0,10000.0,0.938,0.139
