Name,compass16.sivers.h-.z>2.2.5<Q<4.dx
Comment,COMPASS16 SSA-Sivers h-, z>0.2, 2.5<Q<4 (differential in x)
Reference,1609.07374
Process type,SIDIS
Number of points,7
Number of uncorr.errors,2
Number of corr.errors,0
Number of norm.errors,0
List of norm.errors (relative),
Total cross-section nomalized,False
List of points 
Point id,process id,weightProcess,s[GeV^2],<Q>[GeV],Qmin[GeV],Qmax[GeV],<x>,xMin,xMax,<z>,zMin,zMax,<pT>[GeV],pTMin[GeV],pTMax[GeV],xSec,Uncorr.Err.0,Uncorr.Err.1,Th.Factor,FiducialCuts,yMin,yMax,W2min[GeV^2],W2max[GeV^2],TargetMass[GeV],ProductMass[GeV]
compass16.sivers.h-.z>2.2.5<Q<4.dx.0,1 - 1 - 12040,1 - 1 - 2040,301.03984399999996,2.6645825188948455,1.0,3.0749048765774853,0.031,0.022,0.035,0.34,0.2,1.0,0.58,0.1,10.0,-0.055,0.037,0.042,1.0,True,0.1,0.9,10.0,10000.0,0.938,0.139
compass16.sivers.h-.z>2.2.5<Q<4.dx.0,1 - 1 - 12040,1 - 1 - 2040,301.03984399999996,2.8653097563788807,1.024968292192495,3.854597255226543,0.046,0.035,0.055,0.34,0.2,1.0,0.57,0.1,10.0,0.021,0.018,0.02,1.0,True,0.1,0.9,10.0,10000.0,0.938,0.139
compass16.sivers.h-.z>2.2.5<Q<4.dx.0,1 - 1 - 12040,1 - 1 - 2040,301.03984399999996,3.018277654557314,1.284865751742181,5.325891474673512,0.076,0.055,0.105,0.34,0.2,1.0,0.54,0.1,10.0,0.02,0.011,0.013,1.0,True,0.1,0.9,10.0,10000.0,0.938,0.139
compass16.sivers.h-.z>2.2.5<Q<4.dx.0,1 - 1 - 12040,1 - 1 - 2040,301.03984399999996,3.057776970284131,1.775297158224504,6.258664394261766,0.121,0.105,0.145,0.34,0.2,1.0,0.51,0.1,10.0,-0.015,0.013,0.015,1.0,True,0.1,0.9,10.0,10000.0,0.938,0.139
compass16.sivers.h-.z>2.2.5<Q<4.dx.0,1 - 1 - 12040,1 - 1 - 2040,301.03984399999996,3.0886890422961,2.0862214647539217,7.621086536708529,0.176,0.145,0.215,0.35,0.2,1.0,0.48,0.1,10.0,0.021,0.012,0.014,1.0,True,0.1,0.9,10.0,10000.0,0.938,0.139
compass16.sivers.h-.z>2.2.5<Q<4.dx.0,1 - 1 - 12040,1 - 1 - 2040,301.03984399999996,3.2649655434629015,2.5403621789028428,9.002399680085304,0.248,0.215,0.3,0.35,0.2,1.0,0.46,0.1,10.0,0.057,0.017,0.019,1.0,True,0.1,0.9,10.0,10000.0,0.938,0.139
compass16.sivers.h-.z>2.2.5<Q<4.dx.0,1 - 1 - 12040,1 - 1 - 2040,301.03984399999996,3.591656999213594,3.0007998933617683,12.18930678914925,0.351,0.3,0.55,0.36,0.2,1.0,0.46,0.1,10.0,0.028,0.028,0.032,1.0,True,0.1,0.9,10.0,10000.0,0.938,0.139
