Name,compass08.sivers.k0.dpt
Comment,COMPASS SSA-Sivers k0 (differential in pt)
Reference,0802.2160
Process type,SIDIS
Number of points,5
Number of uncorr.errors,1
Number of corr.errors,0
Number of norm.errors,0
List of norm.errors (relative),
Total cross-section nomalized,False
List of points 
Point id,process id,weightProcess,s[GeV^2],<Q>[GeV],Qmin[GeV],Qmax[GeV],<x>,xMin,xMax,<z>,zMin,zMax,<pT>[GeV],pTMin[GeV],pTMax[GeV],xSec,Uncorr.Err.0,Th.Factor,FiducialCuts,yMin,yMax,W2min[GeV^2],W2max[GeV^2],TargetMass[GeV],ProductMass[GeV]
compass08.sivers.k0.dpt.0,1 - 1 - 12013,1 - 1 - 2013,301.03984399999996,1.8027756377319946,1.0,16.436057921533376,0.0358,0.03,1.0,0.346,0.2,1.0,0.2374,0.1,0.35,-0.013,0.0311,1.0,True,0.1,0.9,25.0,10000.0,0.938,0.139
compass08.sivers.k0.dpt.0,1 - 1 - 12013,1 - 1 - 2013,301.03984399999996,1.8248287590894658,1.0,16.436057921533376,0.035,0.03,1.0,0.355,0.2,1.0,0.4463,0.35,0.55,-0.0228,0.0327,1.0,True,0.1,0.9,25.0,10000.0,0.938,0.139
compass08.sivers.k0.dpt.0,1 - 1 - 12013,1 - 1 - 2013,301.03984399999996,1.8220867158288598,1.0,16.436057921533376,0.0338,0.03,1.0,0.371,0.2,1.0,0.6411,0.55,0.75,-0.006,0.0381,1.0,True,0.1,0.9,25.0,10000.0,0.938,0.139
compass08.sivers.k0.dpt.0,1 - 1 - 12013,1 - 1 - 2013,301.03984399999996,1.841195263952197,1.0,16.436057921533376,0.0327,0.03,1.0,0.388,0.2,1.0,0.8558,0.75,1.0,-0.0168,0.049,1.0,True,0.1,0.9,25.0,10000.0,0.938,0.139
compass08.sivers.k0.dpt.0,1 - 1 - 12013,1 - 1 - 2013,301.03984399999996,1.9183326093250879,1.0,16.436057921533376,0.0315,0.03,1.0,0.406,0.2,1.0,1.2516,1.0,10.0,-0.1402,0.0627,1.0,True,0.1,0.9,25.0,10000.0,0.938,0.139
