Name,compass08.sivers.pi+.dz
Comment,COMPASS SSA-Sivers pi+ (differential in z)
Reference,0802.2160
Process type,SIDIS
Number of points,8
Number of uncorr.errors,1
Number of corr.errors,0
Number of norm.errors,0
List of norm.errors (relative),
Total cross-section nomalized,False
List of points 
Point id,process id,weightProcess,s[GeV^2],<Q>[GeV],Qmin[GeV],Qmax[GeV],<x>,xMin,xMax,<z>,zMin,zMax,<pT>[GeV],pTMin[GeV],pTMax[GeV],xSec,Uncorr.Err.0,Th.Factor,FiducialCuts,yMin,yMax,W2min[GeV^2],W2max[GeV^2],TargetMass[GeV],ProductMass[GeV]
compass08.sivers.pi+.dz.0,1 - 1 - 12011,1 - 1 - 2011,301.03984399999996,1.8520259177452134,1.0,16.436057921533376,0.037,0.03,1.0,0.2237,0.2,0.25,0.43,0.1,10.0,-0.0113,0.0072,1.0,True,0.1,0.9,25.0,10000.0,0.938,0.139
compass08.sivers.pi+.dz.0,1 - 1 - 12011,1 - 1 - 2011,301.03984399999996,1.835755975068582,1.0,16.436057921533376,0.039,0.03,1.0,0.2737,0.25,0.3,0.45,0.1,10.0,-0.003,0.0086,1.0,True,0.1,0.9,25.0,10000.0,0.938,0.139
compass08.sivers.pi+.dz.0,1 - 1 - 12011,1 - 1 - 2011,301.03984399999996,1.8248287590894658,1.0,16.436057921533376,0.041,0.03,1.0,0.3237,0.3,0.35,0.48,0.1,10.0,-0.0142,0.0101,1.0,True,0.1,0.9,25.0,10000.0,0.938,0.139
compass08.sivers.pi+.dz.0,1 - 1 - 12011,1 - 1 - 2011,301.03984399999996,1.8110770276274832,1.0,16.436057921533376,0.042,0.03,1.0,0.3737,0.35,0.4,0.49,0.1,10.0,-0.0123,0.0119,1.0,True,0.1,0.9,25.0,10000.0,0.938,0.139
compass08.sivers.pi+.dz.0,1 - 1 - 12011,1 - 1 - 2011,301.03984399999996,1.786057109949175,1.0,16.436057921533376,0.044,0.03,1.0,0.4448,0.4,0.5,0.52,0.1,10.0,-0.0044,0.0108,1.0,True,0.1,0.9,25.0,10000.0,0.938,0.139
compass08.sivers.pi+.dz.0,1 - 1 - 12011,1 - 1 - 2011,301.03984399999996,1.740689518552921,1.0,16.436057921533376,0.046,0.03,1.0,0.5646,0.5,0.65,0.54,0.1,10.0,0.0157,0.0125,1.0,True,0.1,0.9,25.0,10000.0,0.938,0.139
compass08.sivers.pi+.dz.0,1 - 1 - 12011,1 - 1 - 2011,301.03984399999996,1.6552945357246849,1.0,16.436057921533376,0.046,0.03,1.0,0.7164,0.65,0.8,0.54,0.1,10.0,0.0068,0.0178,1.0,True,0.1,0.9,25.0,10000.0,0.938,0.139
compass08.sivers.pi+.dz.0,1 - 1 - 12011,1 - 1 - 2011,301.03984399999996,1.5491933384829668,1.0,16.436057921533376,0.045,0.03,1.0,0.8787,0.8,1.0,0.47,0.1,10.0,-0.0155,0.0238,1.0,True,0.1,0.9,25.0,10000.0,0.938,0.139
