Name,compass08.sivers.k+leading.dpt
Comment,COMPASS SSA-Sivers k+ leading (differential in pt)
Reference,0802.2160
Process type,SIDIS
Number of points,9
Number of uncorr.errors,1
Number of corr.errors,0
Number of norm.errors,0
List of norm.errors (relative),
Total cross-section nomalized,False
List of points 
Point id,process id,s[GeV^2],<Q>[GeV],Qmin[GeV],Qmax[GeV],<x>,xMin,xMax,<z>,zMin,zMax,<pT>[GeV],pTMin[GeV],pTMax[GeV],xSec,Uncorr.Err.0,Th.Factor,FiducialCuts,yMin,yMax,W2min[GeV^2],W2max[GeV^2],TargetMass[GeV],ProductMass[GeV]
compass08.sivers.k+leading.dpt.0,1 - 1 - 12001,301.03984399999996,1.9131126469708992,1.0,16.436057921533376,0.042,0.03,1.0,0.44,0.25,1.0,0.1545,0.1,0.2,0.0339,0.0404,1.0,True,0.1,0.9,25.0,10000.0,0.938,0.139
compass08.sivers.k+leading.dpt.0,1 - 1 - 12001,301.03984399999996,1.9209372712298547,1.0,16.436057921533376,0.042,0.03,1.0,0.44,0.25,1.0,0.2519,0.2,0.3,0.0235,0.0345,1.0,True,0.1,0.9,25.0,10000.0,0.938,0.139
compass08.sivers.k+leading.dpt.0,1 - 1 - 12001,301.03984399999996,1.9157244060668017,1.0,16.436057921533376,0.041,0.03,1.0,0.44,0.25,1.0,0.3505,0.3,0.4,-0.013,0.0322,1.0,True,0.1,0.9,25.0,10000.0,0.938,0.139
compass08.sivers.k+leading.dpt.0,1 - 1 - 12001,301.03984399999996,1.9235384061671346,1.0,16.436057921533376,0.042,0.03,1.0,0.45,0.25,1.0,0.4493,0.4,0.5,-0.008,0.0324,1.0,True,0.1,0.9,25.0,10000.0,0.938,0.139
compass08.sivers.k+leading.dpt.0,1 - 1 - 12001,301.03984399999996,1.9131126469708992,1.0,16.436057921533376,0.041,0.03,1.0,0.46,0.25,1.0,0.5486,0.5,0.6,0.0487,0.0332,1.0,True,0.1,0.9,25.0,10000.0,0.938,0.139
compass08.sivers.k+leading.dpt.0,1 - 1 - 12001,301.03984399999996,1.9078784028338913,1.0,16.436057921533376,0.041,0.03,1.0,0.46,0.25,1.0,0.6706,0.6,0.75,-0.0142,0.0291,1.0,True,0.1,0.9,25.0,10000.0,0.938,0.139
compass08.sivers.k+leading.dpt.0,1 - 1 - 12001,301.03984399999996,1.905255888325765,1.0,16.436057921533376,0.04,0.03,1.0,0.47,0.25,1.0,0.8192,0.75,0.9,0.0204,0.0349,1.0,True,0.1,0.9,25.0,10000.0,0.938,0.139
compass08.sivers.k+leading.dpt.0,1 - 1 - 12001,301.03984399999996,1.9390719429665315,1.0,16.436057921533376,0.039,0.03,1.0,0.48,0.25,1.0,1.052,0.9,1.3,-0.0144,0.0325,1.0,True,0.1,0.9,25.0,10000.0,0.938,0.139
compass08.sivers.k+leading.dpt.0,1 - 1 - 12001,301.03984399999996,2.0346989949375804,1.0,16.436057921533376,0.038,0.03,1.0,0.47,0.25,1.0,1.574,1.3,10.0,-0.0097,0.0599,1.0,True,0.1,0.9,25.0,10000.0,0.938,0.139
