Name,compass16.sivers.h-.zgt02.Q1-2.dx
Comment,COMPASS16 SSA-Sivers h-, z>0.2, 1<Q<2 (differential in x)
Reference,1609.07374
Process type,SIDIS
Number of points,7
Number of uncorr.errors,2
Number of corr.errors,0
Number of norm.errors,0
List of norm.errors (relative),
Total cross-section nomalized,False
List of points 
Point id,process id,weightProcess,s[GeV^2],<Q>[GeV],Qmin[GeV],Qmax[GeV],<x>,xMin,xMax,<z>,zMin,zMax,<pT>[GeV],pTMin[GeV],pTMax[GeV],xSec,Uncorr.Err.0,Uncorr.Err.1,Th.Factor,FiducialCuts,yMin,yMax,W2min[GeV^2],W2max[GeV^2],TargetMass[GeV],ProductMass[GeV]
compass16.sivers.h-.zgt02.Q1-2.dx.0,1 - 1 - 12040,1 - 1 - 2040,301.03984399999996,1.1269427669584644,1.0,1.4700857117869013,0.006,0.003,0.008,0.37,0.2,1.0,0.52,0.1,10.0,-0.004,0.008,0.009,1.0,True,0.1,0.9,10.0,10000.0,0.938,0.139
compass16.sivers.h-.zgt02.Q1-2.dx.0,1 - 1 - 12040,1 - 1 - 2040,301.03984399999996,1.2569805089976536,1.0,1.9447405996687577,0.011,0.008,0.014,0.36,0.2,1.0,0.52,0.1,10.0,0.003,0.005,0.006,1.0,True,0.1,0.9,10.0,10000.0,0.938,0.139
compass16.sivers.h-.zgt02.Q1-2.dx.0,1 - 1 - 12040,1 - 1 - 2040,301.03984399999996,1.3490737563232043,1.0,2.43786135782985,0.018,0.014,0.022,0.36,0.2,1.0,0.51,0.1,10.0,-0.007,0.005,0.006,1.0,True,0.1,0.9,10.0,10000.0,0.938,0.139
compass16.sivers.h-.zgt02.Q1-2.dx.0,1 - 1 - 12040,1 - 1 - 2040,301.03984399999996,1.378404875209022,1.0,3.0749048765774853,0.028,0.022,0.035,0.37,0.2,1.0,0.49,0.1,10.0,-0.003,0.005,0.005,1.0,True,0.1,0.9,10.0,10000.0,0.938,0.139
compass16.sivers.h-.zgt02.Q1-2.dx.0,1 - 1 - 12040,1 - 1 - 2040,301.03984399999996,1.4866068747318506,1.024968292192495,3.854597255226543,0.043,0.035,0.055,0.37,0.2,1.0,0.47,0.1,10.0,-0.001,0.006,0.006,1.0,True,0.1,0.9,10.0,10000.0,0.938,0.139
compass16.sivers.h-.zgt02.Q1-2.dx.0,1 - 1 - 12040,1 - 1 - 2040,301.03984399999996,1.697056274847714,1.284865751742181,5.325891474673512,0.07,0.055,0.105,0.37,0.2,1.0,0.46,0.1,10.0,-0.009,0.007,0.008,1.0,True,0.1,0.9,10.0,10000.0,0.938,0.139
compass16.sivers.h-.zgt02.Q1-2.dx.0,1 - 1 - 12040,1 - 1 - 2040,301.03984399999996,1.9026297590440449,1.775297158224504,6.258664394261766,0.11,0.105,0.145,0.37,0.2,1.0,0.44,0.1,10.0,0.027,0.024,0.027,1.0,True,0.1,0.9,10.0,10000.0,0.938,0.139
