Name,compass16.sivers.h-.z>1.2.5<Q<4.dx
Comment,COMPASS16 SSA-Sivers h-, z>0.1, 2.5<Q<4 (differential in x)
Reference,1609.07374
Process type,SIDIS
Number of points,7
Number of uncorr.errors,2
Number of corr.errors,0
Number of norm.errors,0
List of norm.errors (relative),
Total cross-section nomalized,False
List of points 
Point id,process id,weightProcess,s[GeV^2],<Q>[GeV],Qmin[GeV],Qmax[GeV],<x>,xMin,xMax,<z>,zMin,zMax,<pT>[GeV],pTMin[GeV],pTMax[GeV],xSec,Uncorr.Err.0,Uncorr.Err.1,Th.Factor,FiducialCuts,yMin,yMax,W2min[GeV^2],W2max[GeV^2],TargetMass[GeV],ProductMass[GeV]
compass16.sivers.h-.z>1.2.5<Q<4.dx.0,1 - 1 - 12040,1 - 1 - 2040,301.03984399999996,2.6645825188948455,1.0,3.0749048765774853,0.031,0.022,0.035,0.23,0.1,1.0,0.52,0.1,10.0,-0.014,0.025,0.027,1.0,True,0.1,0.9,10.0,10000.0,0.938,0.139
compass16.sivers.h-.z>1.2.5<Q<4.dx.0,1 - 1 - 12040,1 - 1 - 2040,301.03984399999996,2.8653097563788807,1.024968292192495,3.854597255226543,0.046,0.035,0.055,0.23,0.1,1.0,0.5,0.1,10.0,0.016,0.012,0.013,1.0,True,0.1,0.9,10.0,10000.0,0.938,0.139
compass16.sivers.h-.z>1.2.5<Q<4.dx.0,1 - 1 - 12040,1 - 1 - 2040,301.03984399999996,3.024896692450835,1.284865751742181,5.325891474673512,0.076,0.055,0.105,0.23,0.1,1.0,0.48,0.1,10.0,0.003,0.008,0.009,1.0,True,0.1,0.9,10.0,10000.0,0.938,0.139
compass16.sivers.h-.z>1.2.5<Q<4.dx.0,1 - 1 - 12040,1 - 1 - 2040,301.03984399999996,3.0724582991474434,1.775297158224504,6.258664394261766,0.121,0.105,0.145,0.24,0.1,1.0,0.45,0.1,10.0,0.001,0.009,0.01,1.0,True,0.1,0.9,10.0,10000.0,0.938,0.139
compass16.sivers.h-.z>1.2.5<Q<4.dx.0,1 - 1 - 12040,1 - 1 - 2040,301.03984399999996,3.1128764832546763,2.0862214647539217,7.621086536708529,0.176,0.145,0.215,0.25,0.1,1.0,0.42,0.1,10.0,0.027,0.009,0.01,1.0,True,0.1,0.9,10.0,10000.0,0.938,0.139
compass16.sivers.h-.z>1.2.5<Q<4.dx.0,1 - 1 - 12040,1 - 1 - 2040,301.03984399999996,3.286335345030997,2.5403621789028428,9.002399680085304,0.248,0.215,0.3,0.26,0.1,1.0,0.4,0.1,10.0,0.051,0.012,0.014,1.0,True,0.1,0.9,10.0,10000.0,0.938,0.139
compass16.sivers.h-.z>1.2.5<Q<4.dx.0,1 - 1 - 12040,1 - 1 - 2040,301.03984399999996,3.5972211497209896,3.0007998933617683,12.18930678914925,0.35,0.3,0.55,0.27,0.1,1.0,0.4,0.1,10.0,0.029,0.021,0.023,1.0,True,0.1,0.9,10.0,10000.0,0.938,0.139
