Name,compass16.sivers.h-.zgt01.Q2-2.5.dpt
Comment,COMPASS16 SSA-Sivers h-, z>0.1, 2<Q<2.5 (differential in pt)
Reference,1609.07374
Process type,SIDIS
Number of points,5
Number of uncorr.errors,2
Number of corr.errors,0
Number of norm.errors,0
List of norm.errors (relative),
Total cross-section nomalized,False
List of points 
Point id,process id,weightProcess,s[GeV^2],<Q>[GeV],Qmin[GeV],Qmax[GeV],<x>,xMin,xMax,<z>,zMin,zMax,<pT>[GeV],pTMin[GeV],pTMax[GeV],xSec,Uncorr.Err.0,Uncorr.Err.1,Th.Factor,FiducialCuts,yMin,yMax,W2min[GeV^2],W2max[GeV^2],TargetMass[GeV],ProductMass[GeV]
compass16.sivers.h-.zgt01.Q2-2.5.dpt.0,1 - 1 - 12040,1 - 1 - 2040,301.03984399999996,2.227105745132009,1.0,7.621086536708529,0.073,0.014,0.215,0.21,0.1,1.0,0.21,0.1,0.3,0.008,0.007,0.008,1.0,True,0.1,0.9,10.0,10000.0,0.938,0.139
compass16.sivers.h-.zgt01.Q2-2.5.dpt.0,1 - 1 - 12040,1 - 1 - 2040,301.03984399999996,2.227105745132009,1.0,7.621086536708529,0.069,0.014,0.215,0.23,0.1,1.0,0.39,0.3,0.5,0.017,0.007,0.008,1.0,True,0.1,0.9,10.0,10000.0,0.938,0.139
compass16.sivers.h-.zgt01.Q2-2.5.dpt.0,1 - 1 - 12040,1 - 1 - 2040,301.03984399999996,2.227105745132009,1.0,7.621086536708529,0.065,0.014,0.215,0.26,0.1,1.0,0.61,0.5,0.75,0.02,0.009,0.01,1.0,True,0.1,0.9,10.0,10000.0,0.938,0.139
compass16.sivers.h-.zgt01.Q2-2.5.dpt.0,1 - 1 - 12040,1 - 1 - 2040,301.03984399999996,2.227105745132009,1.0,7.621086536708529,0.06,0.014,0.215,0.3,0.1,1.0,0.85,0.75,1.0,-0.002,0.015,0.017,1.0,True,0.1,0.9,10.0,10000.0,0.938,0.139
compass16.sivers.h-.zgt01.Q2-2.5.dpt.0,1 - 1 - 12040,1 - 1 - 2040,301.03984399999996,2.227105745132009,1.0,7.621086536708529,0.052,0.014,0.215,0.34,0.1,1.0,1.25,1.0,10.0,0.014,0.021,0.023,1.0,True,0.1,0.9,10.0,10000.0,0.938,0.139
