Name,compass08.sivers.pi+leading.dpt
Comment,COMPASS SSA-Sivers pi+ leading (differential in pt)
Reference,0802.2160
Process type,SIDIS
Number of points,9
Number of uncorr.errors,1
Number of corr.errors,0
Number of norm.errors,0
List of norm.errors (relative),
Total cross-section nomalized,False
List of points 
Point id,process id,s[GeV^2],<Q>[GeV],Qmin[GeV],Qmax[GeV],<x>,xMin,xMax,<z>,zMin,zMax,<pT>[GeV],pTMin[GeV],pTMax[GeV],xSec,Uncorr.Err.0,Th.Factor,FiducialCuts,yMin,yMax,W2min[GeV^2],W2max[GeV^2],TargetMass[GeV],ProductMass[GeV]
compass08.sivers.pi+leading.dpt.0,1 - 1 - 12001,301.03984399999996,1.7549928774784245,1.0,16.436057921533376,0.045,0.03,1.0,0.42,0.25,1.0,0.1547,0.1,0.2,0.0181,0.015,1.0,True,0.1,0.9,25.0,10000.0,0.938,0.139
compass08.sivers.pi+leading.dpt.0,1 - 1 - 12001,301.03984399999996,1.752141546793523,1.0,16.436057921533376,0.044,0.03,1.0,0.42,0.25,1.0,0.2519,0.2,0.3,-0.0099,0.0123,1.0,True,0.1,0.9,25.0,10000.0,0.938,0.139
compass08.sivers.pi+leading.dpt.0,1 - 1 - 12001,301.03984399999996,1.7578395831246945,1.0,16.436057921533376,0.043,0.03,1.0,0.42,0.25,1.0,0.35,0.3,0.4,-0.008,0.0116,1.0,True,0.1,0.9,25.0,10000.0,0.938,0.139
compass08.sivers.pi+leading.dpt.0,1 - 1 - 12001,301.03984399999996,1.7748239349298849,1.0,16.436057921533376,0.043,0.03,1.0,0.42,0.25,1.0,0.4487,0.4,0.5,-0.0119,0.012,1.0,True,0.1,0.9,25.0,10000.0,0.938,0.139
compass08.sivers.pi+leading.dpt.0,1 - 1 - 12001,301.03984399999996,1.797220075561143,1.0,16.436057921533376,0.043,0.03,1.0,0.42,0.25,1.0,0.5479,0.5,0.6,0.0026,0.0134,1.0,True,0.1,0.9,25.0,10000.0,0.938,0.139
compass08.sivers.pi+leading.dpt.0,1 - 1 - 12001,301.03984399999996,1.816590212458495,1.0,16.436057921533376,0.042,0.03,1.0,0.43,0.25,1.0,0.669,0.6,0.75,-0.0107,0.0128,1.0,True,0.1,0.9,25.0,10000.0,0.938,0.139
compass08.sivers.pi+leading.dpt.0,1 - 1 - 12001,301.03984399999996,1.8466185312619388,1.0,16.436057921533376,0.042,0.03,1.0,0.44,0.25,1.0,0.8176,0.75,0.9,0.0014,0.0168,1.0,True,0.1,0.9,25.0,10000.0,0.938,0.139
compass08.sivers.pi+leading.dpt.0,1 - 1 - 12001,301.03984399999996,1.8947295321496416,1.0,16.436057921533376,0.041,0.03,1.0,0.46,0.25,1.0,1.044,0.9,1.3,-0.0371,0.0177,1.0,True,0.1,0.9,25.0,10000.0,0.938,0.139
compass08.sivers.pi+leading.dpt.0,1 - 1 - 12001,301.03984399999996,2.0223748416156684,1.0,16.436057921533376,0.04,0.03,1.0,0.47,0.25,1.0,1.553,1.3,10.0,-0.0207,0.0361,1.0,True,0.1,0.9,25.0,10000.0,0.938,0.139
