Name,compass16.sivers.h-.z>2.4<Q<9.dx
Comment,COMPASS16 SSA-Sivers h-, z>0.2, 4<Q<9 (differential in x)
Reference,1609.07374
Process type,SIDIS
Number of points,6
Number of uncorr.errors,2
Number of corr.errors,0
Number of norm.errors,0
List of norm.errors (relative),
Total cross-section nomalized,False
List of points 
Point id,process id,weightProcess,s[GeV^2],<Q>[GeV],Qmin[GeV],Qmax[GeV],<x>,xMin,xMax,<z>,zMin,zMax,<pT>[GeV],pTMin[GeV],pTMax[GeV],xSec,Uncorr.Err.0,Uncorr.Err.1,Th.Factor,FiducialCuts,yMin,yMax,W2min[GeV^2],W2max[GeV^2],TargetMass[GeV],ProductMass[GeV]
compass16.sivers.h-.z>2.4<Q<9.dx.0,1 - 1 - 12040,1 - 1 - 2040,301.03984399999996,4.340506882842141,1.284865751742181,5.325891474673512,0.084,0.055,0.105,0.34,0.2,1.0,0.6,0.1,10.0,-0.038,0.045,0.05,1.0,True,0.1,0.9,10.0,10000.0,0.938,0.139
compass16.sivers.h-.z>2.4<Q<9.dx.0,1 - 1 - 12040,1 - 1 - 2040,301.03984399999996,4.666904755831214,1.775297158224504,6.258664394261766,0.123,0.105,0.145,0.33,0.2,1.0,0.58,0.1,10.0,0.091,0.031,0.035,1.0,True,0.1,0.9,10.0,10000.0,0.938,0.139
compass16.sivers.h-.z>2.4<Q<9.dx.0,1 - 1 - 12040,1 - 1 - 2040,301.03984399999996,4.970915408654627,2.0862214647539217,7.621086536708529,0.179,0.145,0.215,0.33,0.2,1.0,0.56,0.1,10.0,-0.024,0.025,0.027,1.0,True,0.1,0.9,10.0,10000.0,0.938,0.139
compass16.sivers.h-.z>2.4<Q<9.dx.0,1 - 1 - 12040,1 - 1 - 2040,301.03984399999996,5.2459508194416005,2.5403621789028428,9.002399680085304,0.254,0.215,0.3,0.34,0.2,1.0,0.55,0.1,10.0,-0.015,0.025,0.028,1.0,True,0.1,0.9,10.0,10000.0,0.938,0.139
compass16.sivers.h-.z>2.4<Q<9.dx.0,1 - 1 - 12040,1 - 1 - 2040,301.03984399999996,5.479963503528103,3.0007998933617683,12.18930678914925,0.391,0.3,0.55,0.35,0.2,1.0,0.56,0.1,10.0,0.058,0.021,0.024,1.0,True,0.1,0.9,10.0,10000.0,0.938,0.139
compass16.sivers.h-.z>2.4<Q<9.dx.0,1 - 1 - 12040,1 - 1 - 2040,301.03984399999996,6.061352984276695,4.06310226304975,14.700857117869013,0.64,0.55,0.8,0.38,0.2,1.0,0.8,0.1,10.0,-0.003,0.048,0.054,1.0,True,0.1,0.9,10.0,10000.0,0.938,0.139
