Name,compass16.sivers.h-.z>1.4<Q<9.dx
Comment,COMPASS16 SSA-Sivers h-, z>0.1, 4<Q<9 (differential in x)
Reference,1609.07374
Process type,SIDIS
Number of points,6
Number of uncorr.errors,2
Number of corr.errors,0
Number of norm.errors,0
List of norm.errors (relative),
Total cross-section nomalized,False
List of points 
Point id,process id,weightProcess,s[GeV^2],<Q>[GeV],Qmin[GeV],Qmax[GeV],<x>,xMin,xMax,<z>,zMin,zMax,<pT>[GeV],pTMin[GeV],pTMax[GeV],xSec,Uncorr.Err.0,Uncorr.Err.1,Th.Factor,FiducialCuts,yMin,yMax,W2min[GeV^2],W2max[GeV^2],TargetMass[GeV],ProductMass[GeV]
compass16.sivers.h-.z>1.4<Q<9.dx.0,1 - 1 - 12040,1 - 1 - 2040,301.03984399999996,4.342810150121693,1.284865751742181,5.325891474673512,0.084,0.055,0.105,0.22,0.1,1.0,0.52,0.1,10.0,-0.037,0.029,0.033,1.0,True,0.1,0.9,10.0,10000.0,0.938,0.139
compass16.sivers.h-.z>1.4<Q<9.dx.0,1 - 1 - 12040,1 - 1 - 2040,301.03984399999996,4.674398357008098,1.775297158224504,6.258664394261766,0.123,0.105,0.145,0.22,0.1,1.0,0.5,0.1,10.0,0.057,0.02,0.023,1.0,True,0.1,0.9,10.0,10000.0,0.938,0.139
compass16.sivers.h-.z>1.4<Q<9.dx.0,1 - 1 - 12040,1 - 1 - 2040,301.03984399999996,4.988987873306569,2.0862214647539217,7.621086536708529,0.178,0.145,0.215,0.23,0.1,1.0,0.49,0.1,10.0,-0.005,0.016,0.018,1.0,True,0.1,0.9,10.0,10000.0,0.938,0.139
compass16.sivers.h-.z>1.4<Q<9.dx.0,1 - 1 - 12040,1 - 1 - 2040,301.03984399999996,5.298112871579842,2.5403621789028428,9.002399680085304,0.254,0.215,0.3,0.23,0.1,1.0,0.47,0.1,10.0,0.004,0.017,0.018,1.0,True,0.1,0.9,10.0,10000.0,0.938,0.139
compass16.sivers.h-.z>1.4<Q<9.dx.0,1 - 1 - 12040,1 - 1 - 2040,301.03984399999996,5.571355310873647,3.0007998933617683,12.18930678914925,0.388,0.3,0.55,0.24,0.1,1.0,0.47,0.1,10.0,0.037,0.015,0.016,1.0,True,0.1,0.9,10.0,10000.0,0.938,0.139
compass16.sivers.h-.z>1.4<Q<9.dx.0,1 - 1 - 12040,1 - 1 - 2040,301.03984399999996,6.1400325732035,4.06310226304975,14.700857117869013,0.638,0.55,0.8,0.28,0.1,1.0,0.63,0.1,10.0,0.048,0.035,0.04,1.0,True,0.1,0.9,10.0,10000.0,0.938,0.139
