Name,compass16.sivers.h-.zgt01.Q2-2.5.dx
Comment,COMPASS16 SSA-Sivers h-, z>0.1, 2<Q<2.5 (differential in x)
Reference,1609.07374
Process type,SIDIS
Number of points,6
Number of uncorr.errors,2
Number of corr.errors,0
Number of norm.errors,0
List of norm.errors (relative),
Total cross-section nomalized,False
List of points 
Point id,process id,weightProcess,s[GeV^2],<Q>[GeV],Qmin[GeV],Qmax[GeV],<x>,xMin,xMax,<z>,zMin,zMax,<pT>[GeV],pTMin[GeV],pTMax[GeV],xSec,Uncorr.Err.0,Uncorr.Err.1,Th.Factor,FiducialCuts,yMin,yMax,W2min[GeV^2],W2max[GeV^2],TargetMass[GeV],ProductMass[GeV]
compass16.sivers.h-.zgt01.Q2-2.5.dx.0,1 - 1 - 12040,1 - 1 - 2040,301.03984399999996,2.1213203435596424,1.0,2.43786135782985,0.02,0.014,0.022,0.23,0.1,1.0,0.51,0.1,10.0,0.031,0.02,0.023,1.0,True,0.1,0.9,10.0,10000.0,0.938,0.139
compass16.sivers.h-.zgt01.Q2-2.5.dx.0,1 - 1 - 12040,1 - 1 - 2040,301.03984399999996,2.2045407685048604,1.0,3.0749048765774853,0.029,0.022,0.035,0.23,0.1,1.0,0.5,0.1,10.0,0.004,0.01,0.011,1.0,True,0.1,0.9,10.0,10000.0,0.938,0.139
compass16.sivers.h-.zgt01.Q2-2.5.dx.0,1 - 1 - 12040,1 - 1 - 2040,301.03984399999996,2.222611077089287,1.024968292192495,3.854597255226543,0.044,0.035,0.055,0.23,0.1,1.0,0.47,0.1,10.0,0.019,0.009,0.01,1.0,True,0.1,0.9,10.0,10000.0,0.938,0.139
compass16.sivers.h-.zgt01.Q2-2.5.dx.0,1 - 1 - 12040,1 - 1 - 2040,301.03984399999996,2.23159136044214,1.284865751742181,5.325891474673512,0.075,0.055,0.105,0.24,0.1,1.0,0.44,0.1,10.0,0.005,0.007,0.008,1.0,True,0.1,0.9,10.0,10000.0,0.938,0.139
compass16.sivers.h-.zgt01.Q2-2.5.dx.0,1 - 1 - 12040,1 - 1 - 2040,301.03984399999996,2.247220505424423,1.775297158224504,6.258664394261766,0.12,0.105,0.145,0.26,0.1,1.0,0.4,0.1,10.0,0.027,0.01,0.011,1.0,True,0.1,0.9,10.0,10000.0,0.938,0.139
compass16.sivers.h-.zgt01.Q2-2.5.dx.0,1 - 1 - 12040,1 - 1 - 2040,301.03984399999996,2.3515952032609695,2.0862214647539217,7.621086536708529,0.163,0.145,0.215,0.27,0.1,1.0,0.38,0.1,10.0,0.011,0.017,0.019,1.0,True,0.1,0.9,10.0,10000.0,0.938,0.139
