Name,compass08.sivers.k0.dz
Comment,COMPASS SSA-Sivers k0 (differential in z)
Reference,0802.2160
Process type,SIDIS
Number of points,6
Number of uncorr.errors,1
Number of corr.errors,0
Number of norm.errors,0
List of norm.errors (relative),
Total cross-section nomalized,False
List of points 
Point id,process id,weightProcess,s[GeV^2],<Q>[GeV],Qmin[GeV],Qmax[GeV],<x>,xMin,xMax,<z>,zMin,zMax,<pT>[GeV],pTMin[GeV],pTMax[GeV],xSec,Uncorr.Err.0,Th.Factor,FiducialCuts,yMin,yMax,W2min[GeV^2],W2max[GeV^2],TargetMass[GeV],ProductMass[GeV]
compass08.sivers.k0.dz.0,1 - 1 - 12013,1 - 1 - 2013,301.03984399999996,1.8814887722226779,1.0,16.436057921533376,0.0309,0.03,1.0,0.2244,0.2,0.25,0.479,0.1,10.0,-0.0478,0.0378,1.0,True,0.1,0.9,25.0,10000.0,0.938,0.139
compass08.sivers.k0.dz.0,1 - 1 - 12013,1 - 1 - 2013,301.03984399999996,1.8520259177452134,1.0,16.436057921533376,0.0333,0.03,1.0,0.2853,0.25,0.325,0.501,0.1,10.0,-0.0099,0.0334,1.0,True,0.1,0.9,25.0,10000.0,0.938,0.139
compass08.sivers.k0.dz.0,1 - 1 - 12013,1 - 1 - 2013,301.03984399999996,1.8220867158288598,1.0,16.436057921533376,0.0356,0.03,1.0,0.3709,0.325,0.425,0.532,0.1,10.0,0.0133,0.0349,1.0,True,0.1,0.9,25.0,10000.0,0.938,0.139
compass08.sivers.k0.dz.0,1 - 1 - 12013,1 - 1 - 2013,301.03984399999996,1.7691806012954132,1.0,16.436057921533376,0.0371,0.03,1.0,0.4802,0.425,0.55,0.556,0.1,10.0,-0.0573,0.0438,1.0,True,0.1,0.9,25.0,10000.0,0.938,0.139
compass08.sivers.k0.dz.0,1 - 1 - 12013,1 - 1 - 2013,301.03984399999996,1.740689518552921,1.0,16.436057921533376,0.0384,0.03,1.0,0.6111,0.55,0.7,0.596,0.1,10.0,0.0171,0.0614,1.0,True,0.1,0.9,25.0,10000.0,0.938,0.139
compass08.sivers.k0.dz.0,1 - 1 - 12013,1 - 1 - 2013,301.03984399999996,1.7233687939614086,1.0,16.436057921533376,0.0412,0.03,1.0,0.7804,0.7,1.0,0.633,0.1,10.0,-0.1093,0.0924,1.0,True,0.1,0.9,25.0,10000.0,0.938,0.139
