Name,compass16.sivers.h-.zgt01.Q1-2.dx
Comment,COMPASS16 SSA-Sivers h-, z>0.1, 1<Q<2 (differential in x)
Reference,1609.07374
Process type,SIDIS
Number of points,7
Number of uncorr.errors,2
Number of corr.errors,0
Number of norm.errors,0
List of norm.errors (relative),
Total cross-section nomalized,False
List of points 
Point id,process id,weightProcess,s[GeV^2],<Q>[GeV],Qmin[GeV],Qmax[GeV],<x>,xMin,xMax,<z>,zMin,zMax,<pT>[GeV],pTMin[GeV],pTMax[GeV],xSec,Uncorr.Err.0,Uncorr.Err.1,Th.Factor,FiducialCuts,yMin,yMax,W2min[GeV^2],W2max[GeV^2],TargetMass[GeV],ProductMass[GeV]
compass16.sivers.h-.zgt01.Q1-2.dx.0,1 - 1 - 12040,1 - 1 - 2040,301.03984399999996,1.1269427669584644,1.0,1.4700857117869013,0.006,0.003,0.008,0.25,0.1,1.0,0.49,0.1,10.0,-0.001,0.005,0.006,1.0,True,0.1,0.9,10.0,10000.0,0.938,0.139
compass16.sivers.h-.zgt01.Q1-2.dx.0,1 - 1 - 12040,1 - 1 - 2040,301.03984399999996,1.2609520212918492,1.0,1.9447405996687577,0.011,0.008,0.014,0.24,0.1,1.0,0.48,0.1,10.0,0.005,0.004,0.004,1.0,True,0.1,0.9,10.0,10000.0,0.938,0.139
compass16.sivers.h-.zgt01.Q1-2.dx.0,1 - 1 - 12040,1 - 1 - 2040,301.03984399999996,1.3601470508735443,1.0,2.43786135782985,0.018,0.014,0.022,0.25,0.1,1.0,0.46,0.1,10.0,-0.002,0.003,0.004,1.0,True,0.1,0.9,10.0,10000.0,0.938,0.139
compass16.sivers.h-.zgt01.Q1-2.dx.0,1 - 1 - 12040,1 - 1 - 2040,301.03984399999996,1.396424004376894,1.0,3.0749048765774853,0.028,0.022,0.035,0.26,0.1,1.0,0.43,0.1,10.0,0.002,0.003,0.004,1.0,True,0.1,0.9,10.0,10000.0,0.938,0.139
compass16.sivers.h-.zgt01.Q1-2.dx.0,1 - 1 - 12040,1 - 1 - 2040,301.03984399999996,1.5033296378372907,1.024968292192495,3.854597255226543,0.043,0.035,0.055,0.26,0.1,1.0,0.42,0.1,10.0,0.004,0.004,0.004,1.0,True,0.1,0.9,10.0,10000.0,0.938,0.139
compass16.sivers.h-.zgt01.Q1-2.dx.0,1 - 1 - 12040,1 - 1 - 2040,301.03984399999996,1.70293863659264,1.284865751742181,5.325891474673512,0.07,0.055,0.105,0.26,0.1,1.0,0.4,0.1,10.0,-0.003,0.005,0.006,1.0,True,0.1,0.9,10.0,10000.0,0.938,0.139
compass16.sivers.h-.zgt01.Q1-2.dx.0,1 - 1 - 12040,1 - 1 - 2040,301.03984399999996,1.9026297590440449,1.775297158224504,6.258664394261766,0.11,0.105,0.145,0.27,0.1,1.0,0.38,0.1,10.0,0.014,0.018,0.02,1.0,True,0.1,0.9,10.0,10000.0,0.938,0.139
