Name,compass08.sivers.pi+leading.dx
Comment,COMPASS SSA-Sivers pi+ leading (differential in x)
Reference,0802.2160
Process type,SIDIS
Number of points,9
Number of uncorr.errors,1
Number of corr.errors,0
Number of norm.errors,0
List of norm.errors (relative),
Total cross-section nomalized,False
List of points 
Point id,process id,s[GeV^2],<Q>[GeV],Qmin[GeV],Qmax[GeV],<x>,xMin,xMax,<z>,zMin,zMax,<pT>[GeV],pTMin[GeV],pTMax[GeV],xSec,Uncorr.Err.0,Th.Factor,FiducialCuts,yMin,yMax,W2min[GeV^2],W2max[GeV^2],TargetMass[GeV],ProductMass[GeV]
compass08.sivers.pi+leading.dx.0,1 - 1 - 12001,301.03984399999996,1.1090536506409416,1.0,1.4700857117869013,0.006523,0.003,0.008,0.34,0.25,1.0,0.56,0.1,10.0,-0.0314,0.0252,1.0,True,0.1,0.9,25.0,10000.0,0.938,0.139
compass08.sivers.pi+leading.dx.0,1 - 1 - 12001,301.03984399999996,1.1958260743101399,1.0,1.8739989327638369,0.01062,0.008,0.013,0.39,0.25,1.0,0.55,0.1,10.0,-0.0248,0.0147,1.0,True,0.1,0.9,25.0,10000.0,0.938,0.139
compass08.sivers.pi+leading.dx.0,1 - 1 - 12001,301.03984399999996,1.2806248474865698,1.0,2.3244096024582244,0.01646,0.013,0.02,0.42,0.25,1.0,0.52,0.1,10.0,-0.0106,0.0115,1.0,True,0.1,0.9,25.0,10000.0,0.938,0.139
compass08.sivers.pi+leading.dx.0,1 - 1 - 12001,301.03984399999996,1.3820274961085253,1.0,2.9401714235738026,0.02564,0.02,0.032,0.44,0.25,1.0,0.49,0.1,10.0,0.0013,0.0096,1.0,True,0.1,0.9,25.0,10000.0,0.938,0.139
compass08.sivers.pi+leading.dx.0,1 - 1 - 12001,301.03984399999996,1.6186414056238645,1.0,3.6752142794672533,0.03969,0.032,0.05,0.45,0.25,1.0,0.47,0.1,10.0,0.0051,0.0105,1.0,True,0.1,0.9,25.0,10000.0,0.938,0.139
compass08.sivers.pi+leading.dx.0,1 - 1 - 12001,301.03984399999996,2.0663978319771825,1.2250714264890845,4.648819204916449,0.06254,0.05,0.08,0.44,0.25,1.0,0.48,0.1,10.0,0.0072,0.0129,1.0,True,0.1,0.9,25.0,10000.0,0.938,0.139
compass08.sivers.pi+leading.dx.0,1 - 1 - 12001,301.03984399999996,2.649528259898354,1.549606401638816,5.926104960258466,0.1006,0.08,0.13,0.43,0.25,1.0,0.49,0.1,10.0,-0.0212,0.0171,1.0,True,0.1,0.9,25.0,10000.0,0.938,0.139
compass08.sivers.pi+leading.dx.0,1 - 1 - 12001,301.03984399999996,3.331666249791536,1.9753683200861554,7.531947955210524,0.1609,0.13,0.21,0.43,0.25,1.0,0.5,0.1,10.0,-0.0302,0.0252,1.0,True,0.1,0.9,25.0,10000.0,0.938,0.139
compass08.sivers.pi+leading.dx.0,1 - 1 - 12001,301.03984399999996,4.732863826479693,2.5321309282844524,16.436057921533376,0.2763,0.21,1.0,0.42,0.25,1.0,0.54,0.1,10.0,-0.0013,0.0425,1.0,True,0.1,0.9,25.0,10000.0,0.938,0.139
