Name,compass16.sivers.h-.1<z<2.4<Q<9.dx
Comment,COMPASS16 SSA-Sivers h-, 0.1<z<0.2, 4<Q<9 (differential in x)
Reference,1609.07374
Process type,SIDIS
Number of points,6
Number of uncorr.errors,2
Number of corr.errors,0
Number of norm.errors,0
List of norm.errors (relative),
Total cross-section nomalized,False
List of points 
Point id,process id,weightProcess,s[GeV^2],<Q>[GeV],Qmin[GeV],Qmax[GeV],<x>,xMin,xMax,<z>,zMin,zMax,<pT>[GeV],pTMin[GeV],pTMax[GeV],xSec,Uncorr.Err.0,Uncorr.Err.1,Th.Factor,FiducialCuts,yMin,yMax,W2min[GeV^2],W2max[GeV^2],TargetMass[GeV],ProductMass[GeV]
compass16.sivers.h-.1<z<2.4<Q<9.dx.0,1 - 1 - 12040,1 - 1 - 2040,301.03984399999996,4.345112196480086,1.284865751742181,5.325891474673512,0.084,0.055,0.105,0.14,0.1,0.2,0.46,0.1,10.0,-0.039,0.038,0.043,1.0,True,0.1,0.9,10.0,10000.0,0.938,0.139
compass16.sivers.h-.1<z<2.4<Q<9.dx.0,1 - 1 - 12040,1 - 1 - 2040,301.03984399999996,4.679743582719036,1.775297158224504,6.258664394261766,0.123,0.105,0.145,0.14,0.1,0.2,0.45,0.1,10.0,0.031,0.027,0.03,1.0,True,0.1,0.9,10.0,10000.0,0.938,0.139
compass16.sivers.h-.1<z<2.4<Q<9.dx.0,1 - 1 - 12040,1 - 1 - 2040,301.03984399999996,5.002999100539595,2.0862214647539217,7.621086536708529,0.178,0.145,0.215,0.14,0.1,0.2,0.43,0.1,10.0,0.01,0.021,0.024,1.0,True,0.1,0.9,10.0,10000.0,0.938,0.139
compass16.sivers.h-.1<z<2.4<Q<9.dx.0,1 - 1 - 12040,1 - 1 - 2040,301.03984399999996,5.339475629684998,2.5403621789028428,9.002399680085304,0.254,0.215,0.3,0.14,0.1,0.2,0.41,0.1,10.0,0.022,0.022,0.025,1.0,True,0.1,0.9,10.0,10000.0,0.938,0.139
compass16.sivers.h-.1<z<2.4<Q<9.dx.0,1 - 1 - 12040,1 - 1 - 2040,301.03984399999996,5.660388679233963,3.0007998933617683,12.18930678914925,0.385,0.3,0.55,0.14,0.1,0.2,0.39,0.1,10.0,0.018,0.021,0.023,1.0,True,0.1,0.9,10.0,10000.0,0.938,0.139
compass16.sivers.h-.1<z<2.4<Q<9.dx.0,1 - 1 - 12040,1 - 1 - 2040,301.03984399999996,6.241794613730894,4.06310226304975,14.700857117869013,0.637,0.55,0.8,0.14,0.1,0.2,0.42,0.1,10.0,0.11,0.053,0.059,1.0,True,0.1,0.9,10.0,10000.0,0.938,0.139
