Name,compass08.sivers.k-leading.dpt
Comment,COMPASS SSA-Sivers k- leading (differential in pt)
Reference,0802.2160
Process type,SIDIS
Number of points,9
Number of uncorr.errors,1
Number of corr.errors,0
Number of norm.errors,0
List of norm.errors (relative),
Total cross-section nomalized,False
List of points 
Point id,process id,s[GeV^2],<Q>[GeV],Qmin[GeV],Qmax[GeV],<x>,xMin,xMax,<z>,zMin,zMax,<pT>[GeV],pTMin[GeV],pTMax[GeV],xSec,Uncorr.Err.0,Th.Factor,FiducialCuts,yMin,yMax,W2min[GeV^2],W2max[GeV^2],TargetMass[GeV],ProductMass[GeV]
compass08.sivers.k-leading.dpt.0,1 - 1 - 12001,301.03984399999996,1.7549928774784245,1.0,16.436057921533376,0.033,0.03,1.0,0.43,0.25,1.0,0.1539,0.1,0.2,-0.0322,0.0635,1.0,True,0.1,0.9,25.0,10000.0,0.938,0.139
compass08.sivers.k-leading.dpt.0,1 - 1 - 12001,301.03984399999996,1.7691806012954132,1.0,16.436057921533376,0.033,0.03,1.0,0.43,0.25,1.0,0.2518,0.2,0.3,0.0108,0.0522,1.0,True,0.1,0.9,25.0,10000.0,0.938,0.139
compass08.sivers.k-leading.dpt.0,1 - 1 - 12001,301.03984399999996,1.7748239349298849,1.0,16.436057921533376,0.033,0.03,1.0,0.42,0.25,1.0,0.3504,0.3,0.4,-0.0472,0.0515,1.0,True,0.1,0.9,25.0,10000.0,0.938,0.139
compass08.sivers.k-leading.dpt.0,1 - 1 - 12001,301.03984399999996,1.7916472867168918,1.0,16.436057921533376,0.033,0.03,1.0,0.42,0.25,1.0,0.4495,0.4,0.5,0.0209,0.0485,1.0,True,0.1,0.9,25.0,10000.0,0.938,0.139
compass08.sivers.k-leading.dpt.0,1 - 1 - 12001,301.03984399999996,1.786057109949175,1.0,16.436057921533376,0.033,0.03,1.0,0.43,0.25,1.0,0.5488,0.5,0.6,0.0472,0.0483,1.0,True,0.1,0.9,25.0,10000.0,0.938,0.139
compass08.sivers.k-leading.dpt.0,1 - 1 - 12001,301.03984399999996,1.786057109949175,1.0,16.436057921533376,0.032,0.03,1.0,0.43,0.25,1.0,0.6703,0.6,0.75,-0.0488,0.0406,1.0,True,0.1,0.9,25.0,10000.0,0.938,0.139
compass08.sivers.k-leading.dpt.0,1 - 1 - 12001,301.03984399999996,1.786057109949175,1.0,16.436057921533376,0.032,0.03,1.0,0.44,0.25,1.0,0.8184,0.75,0.9,0.002,0.0462,1.0,True,0.1,0.9,25.0,10000.0,0.938,0.139
compass08.sivers.k-leading.dpt.0,1 - 1 - 12001,301.03984399999996,1.8083141320025125,1.0,16.436057921533376,0.031,0.03,1.0,0.44,0.25,1.0,1.054,0.9,1.3,-0.1603,0.0424,1.0,True,0.1,0.9,25.0,10000.0,0.938,0.139
compass08.sivers.k-leading.dpt.0,1 - 1 - 12001,301.03984399999996,1.8547236990991407,1.0,16.436057921533376,0.029,0.03,1.0,0.45,0.25,1.0,1.578,1.3,10.0,-0.1719,0.0715,1.0,True,0.1,0.9,25.0,10000.0,0.938,0.139
