Name,compass16.sivers.h-.zgt01ls02.Q4-9.dpt
Comment,COMPASS16 SSA-Sivers h-, 0.1<z<0.2, 4<Q<9 (differential in pt)
Reference,1609.07374
Process type,SIDIS
Number of points,5
Number of uncorr.errors,2
Number of corr.errors,0
Number of norm.errors,0
List of norm.errors (relative),
Total cross-section nomalized,False
List of points 
Point id,process id,weightProcess,s[GeV^2],<Q>[GeV],Qmin[GeV],Qmax[GeV],<x>,xMin,xMax,<z>,zMin,zMax,<pT>[GeV],pTMin[GeV],pTMax[GeV],xSec,Uncorr.Err.0,Uncorr.Err.1,Th.Factor,FiducialCuts,yMin,yMax,W2min[GeV^2],W2max[GeV^2],TargetMass[GeV],ProductMass[GeV]
compass16.sivers.h-.zgt01ls02.Q4-9.dpt.0,1 - 1 - 12040,1 - 1 - 2040,301.03984399999996,5.087238936790762,1.284865751742181,14.700857117869013,0.233,0.055,0.8,0.14,0.1,0.2,0.21,0.1,0.3,0.011,0.018,0.02,1.0,True,0.1,0.9,10.0,10000.0,0.938,0.139
compass16.sivers.h-.zgt01ls02.Q4-9.dpt.0,1 - 1 - 12040,1 - 1 - 2040,301.03984399999996,5.119570294468081,1.284865751742181,14.700857117869013,0.229,0.055,0.8,0.14,0.1,0.2,0.39,0.3,0.5,0.037,0.018,0.02,1.0,True,0.1,0.9,10.0,10000.0,0.938,0.139
compass16.sivers.h-.zgt01ls02.Q4-9.dpt.0,1 - 1 - 12040,1 - 1 - 2040,301.03984399999996,5.159457335805772,1.284865751742181,14.700857117869013,0.221,0.055,0.8,0.15,0.1,0.2,0.6,0.5,0.75,0.013,0.024,0.026,1.0,True,0.1,0.9,10.0,10000.0,0.938,0.139
compass16.sivers.h-.zgt01ls02.Q4-9.dpt.0,1 - 1 - 12040,1 - 1 - 2040,301.03984399999996,5.194227565288221,1.284865751742181,14.700857117869013,0.207,0.055,0.8,0.15,0.1,0.2,0.85,0.75,1.0,-0.02,0.043,0.049,1.0,True,0.1,0.9,10.0,10000.0,0.938,0.139
compass16.sivers.h-.zgt01ls02.Q4-9.dpt.0,1 - 1 - 12040,1 - 1 - 2040,301.03984399999996,5.205766033928148,1.284865751742181,14.700857117869013,0.181,0.055,0.8,0.15,0.1,0.2,1.24,1.0,10.0,0.025,0.068,0.076,1.0,True,0.1,0.9,10.0,10000.0,0.938,0.139
