Name,compass16.sivers.h-.zgt01ls02.Q2-2.5.dx
Comment,COMPASS16 SSA-Sivers h-, 0.1<z<0.2, 2<Q<2.5 (differential in x)
Reference,1609.07374
Process type,SIDIS
Number of points,6
Number of uncorr.errors,2
Number of corr.errors,0
Number of norm.errors,0
List of norm.errors (relative),
Total cross-section nomalized,False
List of points 
Point id,process id,weightProcess,s[GeV^2],<Q>[GeV],Qmin[GeV],Qmax[GeV],<x>,xMin,xMax,<z>,zMin,zMax,<pT>[GeV],pTMin[GeV],pTMax[GeV],xSec,Uncorr.Err.0,Uncorr.Err.1,Th.Factor,FiducialCuts,yMin,yMax,W2min[GeV^2],W2max[GeV^2],TargetMass[GeV],ProductMass[GeV]
compass16.sivers.h-.zgt01ls02.Q2-2.5.dx.0,1 - 1 - 12040,1 - 1 - 2040,301.03984399999996,2.1213203435596424,1.0,2.43786135782985,0.02,0.014,0.022,0.14,0.1,0.2,0.47,0.1,10.0,0.061,0.027,0.031,1.0,True,0.1,0.9,10.0,10000.0,0.938,0.139
compass16.sivers.h-.zgt01ls02.Q2-2.5.dx.0,1 - 1 - 12040,1 - 1 - 2040,301.03984399999996,2.2045407685048604,1.0,3.0749048765774853,0.029,0.022,0.035,0.14,0.1,0.2,0.45,0.1,10.0,0.011,0.013,0.015,1.0,True,0.1,0.9,10.0,10000.0,0.938,0.139
compass16.sivers.h-.zgt01ls02.Q2-2.5.dx.0,1 - 1 - 12040,1 - 1 - 2040,301.03984399999996,2.224859546128699,1.024968292192495,3.854597255226543,0.044,0.035,0.055,0.14,0.1,0.2,0.42,0.1,10.0,0.017,0.012,0.013,1.0,True,0.1,0.9,10.0,10000.0,0.938,0.139
compass16.sivers.h-.zgt01ls02.Q2-2.5.dx.0,1 - 1 - 12040,1 - 1 - 2040,301.03984399999996,2.233830790368868,1.284865751742181,5.325891474673512,0.075,0.055,0.105,0.14,0.1,0.2,0.38,0.1,10.0,0.015,0.01,0.011,1.0,True,0.1,0.9,10.0,10000.0,0.938,0.139
compass16.sivers.h-.zgt01ls02.Q2-2.5.dx.0,1 - 1 - 12040,1 - 1 - 2040,301.03984399999996,2.2516660498395407,1.775297158224504,6.258664394261766,0.119,0.105,0.145,0.15,0.1,0.2,0.34,0.1,10.0,0.043,0.014,0.016,1.0,True,0.1,0.9,10.0,10000.0,0.938,0.139
compass16.sivers.h-.zgt01ls02.Q2-2.5.dx.0,1 - 1 - 12040,1 - 1 - 2040,301.03984399999996,2.353720459187964,2.0862214647539217,7.621086536708529,0.163,0.145,0.215,0.15,0.1,0.2,0.31,0.1,10.0,0.014,0.025,0.028,1.0,True,0.1,0.9,10.0,10000.0,0.938,0.139
