Name,compass16.sivers.h-.zgt01.Q2.5-4.dpt
Comment,COMPASS16 SSA-Sivers h-, z>0.1, 2.5<Q<4 (differential in pt)
Reference,1609.07374
Process type,SIDIS
Number of points,5
Number of uncorr.errors,2
Number of corr.errors,0
Number of norm.errors,0
List of norm.errors (relative),
Total cross-section nomalized,False
List of points 
Point id,process id,weightProcess,s[GeV^2],<Q>[GeV],Qmin[GeV],Qmax[GeV],<x>,xMin,xMax,<z>,zMin,zMax,<pT>[GeV],pTMin[GeV],pTMax[GeV],xSec,Uncorr.Err.0,Uncorr.Err.1,Th.Factor,FiducialCuts,yMin,yMax,W2min[GeV^2],W2max[GeV^2],TargetMass[GeV],ProductMass[GeV]
compass16.sivers.h-.zgt01.Q2.5-4.dpt.0,1 - 1 - 12040,1 - 1 - 2040,301.03984399999996,3.0512292604784714,1.0,12.18930678914925,0.128,0.022,0.55,0.21,0.1,1.0,0.21,0.1,0.3,0.012,0.007,0.008,1.0,True,0.1,0.9,10.0,10000.0,0.938,0.139
compass16.sivers.h-.zgt01.Q2.5-4.dpt.0,1 - 1 - 12040,1 - 1 - 2040,301.03984399999996,3.0528675044947495,1.0,12.18930678914925,0.122,0.022,0.55,0.22,0.1,1.0,0.39,0.3,0.5,0.021,0.007,0.008,1.0,True,0.1,0.9,10.0,10000.0,0.938,0.139
compass16.sivers.h-.zgt01.Q2.5-4.dpt.0,1 - 1 - 12040,1 - 1 - 2040,301.03984399999996,3.059411708155671,1.0,12.18930678914925,0.115,0.022,0.55,0.26,0.1,1.0,0.61,0.5,0.75,0.008,0.009,0.01,1.0,True,0.1,0.9,10.0,10000.0,0.938,0.139
compass16.sivers.h-.zgt01.Q2.5-4.dpt.0,1 - 1 - 12040,1 - 1 - 2040,301.03984399999996,3.0659419433511785,1.0,12.18930678914925,0.106,0.022,0.55,0.3,0.1,1.0,0.85,0.75,1.0,0.019,0.015,0.016,1.0,True,0.1,0.9,10.0,10000.0,0.938,0.139
compass16.sivers.h-.zgt01.Q2.5-4.dpt.0,1 - 1 - 12040,1 - 1 - 2040,301.03984399999996,3.0757112998459397,1.0,12.18930678914925,0.093,0.022,0.55,0.35,0.1,1.0,1.26,1.0,10.0,0.011,0.02,0.023,1.0,True,0.1,0.9,10.0,10000.0,0.938,0.139
