Name,compass16.sivers.h-.zgt01ls02.Q2.5-4.dz
Comment,COMPASS16 SSA-Sivers h-, 0.1<z<0.2, 2.5<Q<4 (differential in z)
Reference,1609.07374
Process type,SIDIS
Number of points,5
Number of uncorr.errors,2
Number of corr.errors,0
Number of norm.errors,0
List of norm.errors (relative),
Total cross-section nomalized,False
List of points 
Point id,process id,weightProcess,s[GeV^2],<Q>[GeV],Qmin[GeV],Qmax[GeV],<x>,xMin,xMax,<z>,zMin,zMax,<pT>[GeV],pTMin[GeV],pTMax[GeV],xSec,Uncorr.Err.0,Uncorr.Err.1,Th.Factor,FiducialCuts,yMin,yMax,W2min[GeV^2],W2max[GeV^2],TargetMass[GeV],ProductMass[GeV]
compass16.sivers.h-.zgt01ls02.Q2.5-4.dz.0,1 - 1 - 12040,1 - 1 - 2040,301.03984399999996,3.0610455730027932,1.0,12.18930678914925,0.111,0.022,0.55,0.11,0.1,0.12,0.38,0.1,10.0,-0.0,0.011,0.012,1.0,True,0.1,0.9,10.0,10000.0,0.938,0.139
compass16.sivers.h-.zgt01ls02.Q2.5-4.dz.0,1 - 1 - 12040,1 - 1 - 2040,301.03984399999996,3.059411708155671,1.0,12.18930678914925,0.114,0.022,0.55,0.13,0.12,0.14,0.4,0.1,10.0,0.032,0.012,0.013,1.0,True,0.1,0.9,10.0,10000.0,0.938,0.139
compass16.sivers.h-.zgt01ls02.Q2.5-4.dz.0,1 - 1 - 12040,1 - 1 - 2040,301.03984399999996,3.057776970284131,1.0,12.18930678914925,0.116,0.022,0.55,0.15,0.14,0.16,0.41,0.1,10.0,0.017,0.013,0.014,1.0,True,0.1,0.9,10.0,10000.0,0.938,0.139
compass16.sivers.h-.zgt01ls02.Q2.5-4.dz.0,1 - 1 - 12040,1 - 1 - 2040,301.03984399999996,3.057776970284131,1.0,12.18930678914925,0.118,0.022,0.55,0.17,0.16,0.18,0.42,0.1,10.0,0.006,0.014,0.015,1.0,True,0.1,0.9,10.0,10000.0,0.938,0.139
compass16.sivers.h-.zgt01ls02.Q2.5-4.dz.0,1 - 1 - 12040,1 - 1 - 2040,301.03984399999996,3.057776970284131,1.0,12.18930678914925,0.12,0.022,0.55,0.19,0.18,0.2,0.44,0.1,10.0,0.02,0.015,0.017,1.0,True,0.1,0.9,10.0,10000.0,0.938,0.139
