Name,compass08.sivers.k-leading.dz
Comment,COMPASS SSA-Sivers k- leading (differential in z)
Reference,0802.2160
Process type,SIDIS
Number of points,7
Number of uncorr.errors,1
Number of corr.errors,0
Number of norm.errors,0
List of norm.errors (relative),
Total cross-section nomalized,False
List of points 
Point id,process id,s[GeV^2],<Q>[GeV],Qmin[GeV],Qmax[GeV],<x>,xMin,xMax,<z>,zMin,zMax,<pT>[GeV],pTMin[GeV],pTMax[GeV],xSec,Uncorr.Err.0,Th.Factor,FiducialCuts,yMin,yMax,W2min[GeV^2],W2max[GeV^2],TargetMass[GeV],ProductMass[GeV]
compass08.sivers.k-leading.dz.0,1 - 1 - 12001,301.03984399999996,1.841195263952197,1.0,16.436057921533376,0.027,0.03,1.0,0.2749,0.25,0.3,0.54,0.1,10.0,-0.0181,0.0387,1.0,True,0.1,0.9,25.0,10000.0,0.938,0.139
compass08.sivers.k-leading.dz.0,1 - 1 - 12001,301.03984399999996,1.857417562100671,1.0,16.436057921533376,0.03,0.03,1.0,0.3246,0.3,0.35,0.55,0.1,10.0,-0.0353,0.0391,1.0,True,0.1,0.9,25.0,10000.0,0.938,0.139
compass08.sivers.k-leading.dz.0,1 - 1 - 12001,301.03984399999996,1.835755975068582,1.0,16.436057921533376,0.032,0.03,1.0,0.3744,0.35,0.4,0.57,0.1,10.0,-0.0302,0.042,1.0,True,0.1,0.9,25.0,10000.0,0.938,0.139
compass08.sivers.k-leading.dz.0,1 - 1 - 12001,301.03984399999996,1.783255450012701,1.0,16.436057921533376,0.034,0.03,1.0,0.4458,0.4,0.5,0.58,0.1,10.0,-0.0435,0.0345,1.0,True,0.1,0.9,25.0,10000.0,0.938,0.139
compass08.sivers.k-leading.dz.0,1 - 1 - 12001,301.03984399999996,1.6881943016134133,1.0,16.436057921533376,0.037,0.03,1.0,0.5643,0.5,0.65,0.57,0.1,10.0,-0.0074,0.0383,1.0,True,0.1,0.9,25.0,10000.0,0.938,0.139
compass08.sivers.k-leading.dz.0,1 - 1 - 12001,301.03984399999996,1.6370705543744901,1.0,16.436057921533376,0.04,0.03,1.0,0.7111,0.65,0.8,0.6,0.1,10.0,-0.1997,0.0716,1.0,True,0.1,0.9,25.0,10000.0,0.938,0.139
compass08.sivers.k-leading.dz.0,1 - 1 - 12001,301.03984399999996,1.5652475842498528,1.0,16.436057921533376,0.039,0.03,1.0,0.8679,0.8,1.0,0.55,0.1,10.0,0.153,0.1314,1.0,True,0.1,0.9,25.0,10000.0,0.938,0.139
