Name,compass16.sivers.h-.z>2.4<Q<9.dpt
Comment,COMPASS16 SSA-Sivers h-, z>0.2, 4<Q<9 (differential in pt)
Reference,1609.07374
Process type,SIDIS
Number of points,5
Number of uncorr.errors,2
Number of corr.errors,0
Number of norm.errors,0
List of norm.errors (relative),
Total cross-section nomalized,False
List of points 
Point id,process id,weightProcess,s[GeV^2],<Q>[GeV],Qmin[GeV],Qmax[GeV],<x>,xMin,xMax,<z>,zMin,zMax,<pT>[GeV],pTMin[GeV],pTMax[GeV],xSec,Uncorr.Err.0,Uncorr.Err.1,Th.Factor,FiducialCuts,yMin,yMax,W2min[GeV^2],W2max[GeV^2],TargetMass[GeV],ProductMass[GeV]
compass16.sivers.h-.z>2.4<Q<9.dpt.0,1 - 1 - 12040,1 - 1 - 2040,301.03984399999996,5.022947341949744,1.284865751742181,14.700857117869013,0.238,0.055,0.8,0.31,0.2,1.0,0.21,0.1,0.3,0.031,0.025,0.028,1.0,True,0.1,0.9,10.0,10000.0,0.938,0.139
compass16.sivers.h-.z>2.4<Q<9.dpt.0,1 - 1 - 12040,1 - 1 - 2040,301.03984399999996,5.043808085167397,1.284865751742181,14.700857117869013,0.24,0.055,0.8,0.32,0.2,1.0,0.4,0.3,0.5,0.013,0.022,0.024,1.0,True,0.1,0.9,10.0,10000.0,0.938,0.139
compass16.sivers.h-.z>2.4<Q<9.dpt.0,1 - 1 - 12040,1 - 1 - 2040,301.03984399999996,5.0970579749498635,1.284865751742181,14.700857117869013,0.242,0.055,0.8,0.34,0.2,1.0,0.61,0.5,0.75,0.017,0.022,0.025,1.0,True,0.1,0.9,10.0,10000.0,0.938,0.139
compass16.sivers.h-.z>2.4<Q<9.dpt.0,1 - 1 - 12040,1 - 1 - 2040,301.03984399999996,5.1613951602255765,1.284865751742181,14.700857117869013,0.247,0.055,0.8,0.37,0.2,1.0,0.86,0.75,1.0,-0.0,0.032,0.036,1.0,True,0.1,0.9,10.0,10000.0,0.938,0.139
compass16.sivers.h-.z>2.4<Q<9.dpt.0,1 - 1 - 12040,1 - 1 - 2040,301.03984399999996,5.281098370604358,1.284865751742181,14.700857117869013,0.266,0.055,0.8,0.44,0.2,1.0,1.33,1.0,10.0,0.048,0.037,0.041,1.0,True,0.1,0.9,10.0,10000.0,0.938,0.139
