Name,compass08.sivers.k-.dz
Comment,COMPASS SSA-Sivers k- (differential in z)
Reference,0802.2160
Process type,SIDIS
Number of points,8
Number of uncorr.errors,1
Number of corr.errors,0
Number of norm.errors,0
List of norm.errors (relative),
Total cross-section nomalized,False
List of points 
Point id,process id,weightProcess,s[GeV^2],<Q>[GeV],Qmin[GeV],Qmax[GeV],<x>,xMin,xMax,<z>,zMin,zMax,<pT>[GeV],pTMin[GeV],pTMax[GeV],xSec,Uncorr.Err.0,Th.Factor,FiducialCuts,yMin,yMax,W2min[GeV^2],W2max[GeV^2],TargetMass[GeV],ProductMass[GeV]
compass08.sivers.k-.dz.0,1 - 1 - 12032,1 - 1 - 2032,301.03984399999996,1.91049731745428,1.0,16.436057921533376,0.026,0.03,1.0,0.2248,0.2,0.25,0.51,0.1,10.0,-0.011,0.0329,1.0,True,0.1,0.9,25.0,10000.0,0.938,0.139
compass08.sivers.k-.dz.0,1 - 1 - 12032,1 - 1 - 2032,301.03984399999996,1.8734993995195195,1.0,16.436057921533376,0.028,0.03,1.0,0.2743,0.25,0.3,0.53,0.1,10.0,-0.0319,0.0337,1.0,True,0.1,0.9,25.0,10000.0,0.938,0.139
compass08.sivers.k-.dz.0,1 - 1 - 12032,1 - 1 - 2032,301.03984399999996,1.8681541692269406,1.0,16.436057921533376,0.03,0.03,1.0,0.3242,0.3,0.35,0.54,0.1,10.0,-0.0325,0.0355,1.0,True,0.1,0.9,25.0,10000.0,0.938,0.139
compass08.sivers.k-.dz.0,1 - 1 - 12032,1 - 1 - 2032,301.03984399999996,1.8303005217723127,1.0,16.436057921533376,0.032,0.03,1.0,0.3742,0.35,0.4,0.56,0.1,10.0,-0.0269,0.0399,1.0,True,0.1,0.9,25.0,10000.0,0.938,0.139
compass08.sivers.k-.dz.0,1 - 1 - 12032,1 - 1 - 2032,301.03984399999996,1.7691806012954132,1.0,16.436057921533376,0.034,0.03,1.0,0.4454,0.4,0.5,0.56,0.1,10.0,-0.0433,0.0333,1.0,True,0.1,0.9,25.0,10000.0,0.938,0.139
compass08.sivers.k-.dz.0,1 - 1 - 12032,1 - 1 - 2032,301.03984399999996,1.6881943016134133,1.0,16.436057921533376,0.037,0.03,1.0,0.5641,0.5,0.65,0.57,0.1,10.0,-0.0049,0.0383,1.0,True,0.1,0.9,25.0,10000.0,0.938,0.139
compass08.sivers.k-.dz.0,1 - 1 - 12032,1 - 1 - 2032,301.03984399999996,1.6370705543744901,1.0,16.436057921533376,0.04,0.03,1.0,0.7111,0.65,0.8,0.6,0.1,10.0,-0.1984,0.0716,1.0,True,0.1,0.9,25.0,10000.0,0.938,0.139
compass08.sivers.k-.dz.0,1 - 1 - 12032,1 - 1 - 2032,301.03984399999996,1.5652475842498528,1.0,16.436057921533376,0.039,0.03,1.0,0.8679,0.8,1.0,0.55,0.1,10.0,0.1501,0.1312,1.0,True,0.1,0.9,25.0,10000.0,0.938,0.139
