Name,compass08.sivers.pi-leading.dpt
Comment,COMPASS SSA-Sivers pi- leading (differential in pt)
Reference,0802.2160
Process type,SIDIS
Number of points,9
Number of uncorr.errors,1
Number of corr.errors,0
Number of norm.errors,0
List of norm.errors (relative),
Total cross-section nomalized,False
List of points 
Point id,process id,s[GeV^2],<Q>[GeV],Qmin[GeV],Qmax[GeV],<x>,xMin,xMax,<z>,zMin,zMax,<pT>[GeV],pTMin[GeV],pTMax[GeV],xSec,Uncorr.Err.0,Th.Factor,FiducialCuts,yMin,yMax,W2min[GeV^2],W2max[GeV^2],TargetMass[GeV],ProductMass[GeV]
compass08.sivers.pi-leading.dpt.0,1 - 1 - 12001,301.03984399999996,1.7088007490635062,1.0,16.436057921533376,0.042,0.03,1.0,0.43,0.25,1.0,0.1544,0.1,0.2,0.0182,0.015,1.0,True,0.1,0.9,25.0,10000.0,0.938,0.139
compass08.sivers.pi-leading.dpt.0,1 - 1 - 12001,301.03984399999996,1.70293863659264,1.0,16.436057921533376,0.041,0.03,1.0,0.43,0.25,1.0,0.2518,0.2,0.3,-0.0201,0.0123,1.0,True,0.1,0.9,25.0,10000.0,0.938,0.139
compass08.sivers.pi-leading.dpt.0,1 - 1 - 12001,301.03984399999996,1.711724276862369,1.0,16.436057921533376,0.041,0.03,1.0,0.42,0.25,1.0,0.35,0.3,0.4,-0.0089,0.0117,1.0,True,0.1,0.9,25.0,10000.0,0.938,0.139
compass08.sivers.pi-leading.dpt.0,1 - 1 - 12001,301.03984399999996,1.7320508075688772,1.0,16.436057921533376,0.04,0.03,1.0,0.42,0.25,1.0,0.4488,0.4,0.5,-0.0126,0.0125,1.0,True,0.1,0.9,25.0,10000.0,0.938,0.139
compass08.sivers.pi-leading.dpt.0,1 - 1 - 12001,301.03984399999996,1.752141546793523,1.0,16.436057921533376,0.04,0.03,1.0,0.41,0.25,1.0,0.5479,0.5,0.6,-0.008,0.0136,1.0,True,0.1,0.9,25.0,10000.0,0.938,0.139
compass08.sivers.pi-leading.dpt.0,1 - 1 - 12001,301.03984399999996,1.7776388834631178,1.0,16.436057921533376,0.04,0.03,1.0,0.42,0.25,1.0,0.6688,0.6,0.75,-0.0103,0.0134,1.0,True,0.1,0.9,25.0,10000.0,0.938,0.139
compass08.sivers.pi-leading.dpt.0,1 - 1 - 12001,301.03984399999996,1.794435844492636,1.0,16.436057921533376,0.039,0.03,1.0,0.43,0.25,1.0,0.8174,0.75,0.9,0.0081,0.018,1.0,True,0.1,0.9,25.0,10000.0,0.938,0.139
compass08.sivers.pi-leading.dpt.0,1 - 1 - 12001,301.03984399999996,1.841195263952197,1.0,16.436057921533376,0.038,0.03,1.0,0.45,0.25,1.0,1.044,0.9,1.3,-0.0244,0.0183,1.0,True,0.1,0.9,25.0,10000.0,0.938,0.139
compass08.sivers.pi-leading.dpt.0,1 - 1 - 12001,301.03984399999996,1.9519221295943134,1.0,16.436057921533376,0.036,0.03,1.0,0.46,0.25,1.0,1.559,1.3,10.0,-0.0506,0.039,1.0,True,0.1,0.9,25.0,10000.0,0.938,0.139
