Name,compass08.sivers.pi-leading.dx
Comment,COMPASS SSA-Sivers pi- leading (differential in x)
Reference,0802.2160
Process type,SIDIS
Number of points,9
Number of uncorr.errors,1
Number of corr.errors,0
Number of norm.errors,0
List of norm.errors (relative),
Total cross-section nomalized,False
List of points 
Point id,process id,s[GeV^2],<Q>[GeV],Qmin[GeV],Qmax[GeV],<x>,xMin,xMax,<z>,zMin,zMax,<pT>[GeV],pTMin[GeV],pTMax[GeV],xSec,Uncorr.Err.0,Th.Factor,FiducialCuts,yMin,yMax,W2min[GeV^2],W2max[GeV^2],TargetMass[GeV],ProductMass[GeV]
compass08.sivers.pi-leading.dx.0,1 - 1 - 12001,301.03984399999996,1.1090536506409416,1.0,1.4700857117869013,0.006505,0.003,0.008,0.34,0.25,1.0,0.57,0.1,10.0,0.0072,0.0222,1.0,True,0.1,0.9,25.0,10000.0,0.938,0.139
compass08.sivers.pi-leading.dx.0,1 - 1 - 12001,301.03984399999996,1.2,1.0,1.8739989327638369,0.0106,0.008,0.013,0.39,0.25,1.0,0.55,0.1,10.0,-0.012,0.014,1.0,True,0.1,0.9,25.0,10000.0,0.938,0.139
compass08.sivers.pi-leading.dx.0,1 - 1 - 12001,301.03984399999996,1.284523257866513,1.0,2.3244096024582244,0.01644,0.013,0.02,0.42,0.25,1.0,0.52,0.1,10.0,-0.0195,0.0117,1.0,True,0.1,0.9,25.0,10000.0,0.938,0.139
compass08.sivers.pi-leading.dx.0,1 - 1 - 12001,301.03984399999996,1.3928388277184118,1.0,2.9401714235738026,0.02561,0.02,0.032,0.44,0.25,1.0,0.49,0.1,10.0,-0.0038,0.0101,1.0,True,0.1,0.9,25.0,10000.0,0.938,0.139
compass08.sivers.pi-leading.dx.0,1 - 1 - 12001,301.03984399999996,1.6278820596099706,1.0,3.6752142794672533,0.03965,0.032,0.05,0.45,0.25,1.0,0.47,0.1,10.0,-0.0004,0.0111,1.0,True,0.1,0.9,25.0,10000.0,0.938,0.139
compass08.sivers.pi-leading.dx.0,1 - 1 - 12001,301.03984399999996,2.078460969082653,1.2250714264890845,4.648819204916449,0.06245,0.05,0.08,0.44,0.25,1.0,0.48,0.1,10.0,0.0022,0.014,1.0,True,0.1,0.9,25.0,10000.0,0.938,0.139
compass08.sivers.pi-leading.dx.0,1 - 1 - 12001,301.03984399999996,2.6476404589747453,1.549606401638816,5.926104960258466,0.1004,0.08,0.13,0.43,0.25,1.0,0.48,0.1,10.0,-0.0254,0.0186,1.0,True,0.1,0.9,25.0,10000.0,0.938,0.139
compass08.sivers.pi-leading.dx.0,1 - 1 - 12001,301.03984399999996,3.331666249791536,1.9753683200861554,7.531947955210524,0.1607,0.13,0.21,0.42,0.25,1.0,0.5,0.1,10.0,-0.0242,0.0292,1.0,True,0.1,0.9,25.0,10000.0,0.938,0.139
compass08.sivers.pi-leading.dx.0,1 - 1 - 12001,301.03984399999996,4.732863826479693,2.5321309282844524,16.436057921533376,0.2767,0.21,1.0,0.41,0.25,1.0,0.54,0.1,10.0,-0.0373,0.053,1.0,True,0.1,0.9,25.0,10000.0,0.938,0.139
