Name,compass08.sivers.pi-leading.dz
Comment,COMPASS SSA-Sivers pi- leading (differential in z)
Reference,0802.2160
Process type,SIDIS
Number of points,7
Number of uncorr.errors,1
Number of corr.errors,0
Number of norm.errors,0
List of norm.errors (relative),
Total cross-section nomalized,False
List of points 
Point id,process id,s[GeV^2],<Q>[GeV],Qmin[GeV],Qmax[GeV],<x>,xMin,xMax,<z>,zMin,zMax,<pT>[GeV],pTMin[GeV],pTMax[GeV],xSec,Uncorr.Err.0,Th.Factor,FiducialCuts,yMin,yMax,W2min[GeV^2],W2max[GeV^2],TargetMass[GeV],ProductMass[GeV]
compass08.sivers.pi-leading.dz.0,1 - 1 - 12001,301.03984399999996,1.8055470085267789,1.0,16.436057921533376,0.037,0.03,1.0,0.2743,0.25,0.3,0.47,0.1,10.0,-0.0101,0.0097,1.0,True,0.1,0.9,25.0,10000.0,0.938,0.139
compass08.sivers.pi-leading.dz.0,1 - 1 - 12001,301.03984399999996,1.797220075561143,1.0,16.436057921533376,0.039,0.03,1.0,0.324,0.3,0.35,0.49,0.1,10.0,-0.0061,0.0111,1.0,True,0.1,0.9,25.0,10000.0,0.938,0.139
compass08.sivers.pi-leading.dz.0,1 - 1 - 12001,301.03984399999996,1.7804493814764855,1.0,16.436057921533376,0.04,0.03,1.0,0.3738,0.35,0.4,0.51,0.1,10.0,0.0085,0.0125,1.0,True,0.1,0.9,25.0,10000.0,0.938,0.139
compass08.sivers.pi-leading.dz.0,1 - 1 - 12001,301.03984399999996,1.752141546793523,1.0,16.436057921533376,0.042,0.03,1.0,0.445,0.4,0.5,0.53,0.1,10.0,-0.0264,0.0115,1.0,True,0.1,0.9,25.0,10000.0,0.938,0.139
compass08.sivers.pi-leading.dz.0,1 - 1 - 12001,301.03984399999996,1.6792855623746665,1.0,16.436057921533376,0.042,0.03,1.0,0.5646,0.5,0.65,0.54,0.1,10.0,0.0012,0.013,1.0,True,0.1,0.9,25.0,10000.0,0.938,0.139
compass08.sivers.pi-leading.dz.0,1 - 1 - 12001,301.03984399999996,1.5842979517754858,1.0,16.436057921533376,0.042,0.03,1.0,0.7171,0.65,0.8,0.52,0.1,10.0,-0.0356,0.0191,1.0,True,0.1,0.9,25.0,10000.0,0.938,0.139
compass08.sivers.pi-leading.dz.0,1 - 1 - 12001,301.03984399999996,1.4866068747318506,1.0,16.436057921533376,0.041,0.03,1.0,0.8794,0.8,1.0,0.43,0.1,10.0,0.0282,0.0247,1.0,True,0.1,0.9,25.0,10000.0,0.938,0.139
