Name,compass08.sivers.k+.dpt
Comment,COMPASS SSA-Sivers k+ (differential in pt)
Reference,0802.2160
Process type,SIDIS
Number of points,9
Number of uncorr.errors,1
Number of corr.errors,0
Number of norm.errors,0
List of norm.errors (relative),
Total cross-section nomalized,False
List of points 
Point id,process id,weightProcess,s[GeV^2],<Q>[GeV],Qmin[GeV],Qmax[GeV],<x>,xMin,xMax,<z>,zMin,zMax,<pT>[GeV],pTMin[GeV],pTMax[GeV],xSec,Uncorr.Err.0,Th.Factor,FiducialCuts,yMin,yMax,W2min[GeV^2],W2max[GeV^2],TargetMass[GeV],ProductMass[GeV]
compass08.sivers.k+.dpt.0,1 - 1 - 12012,1 - 1 - 2012,301.03984399999996,1.9364916731037085,1.0,16.436057921533376,0.039,0.03,1.0,0.39,0.2,1.0,0.1543,0.1,0.2,0.0169,0.0341,1.0,True,0.1,0.9,25.0,10000.0,0.938,0.139
compass08.sivers.k+.dpt.0,1 - 1 - 12012,1 - 1 - 2012,301.03984399999996,1.9364916731037085,1.0,16.436057921533376,0.039,0.03,1.0,0.39,0.2,1.0,0.2519,0.2,0.3,0.0174,0.0296,1.0,True,0.1,0.9,25.0,10000.0,0.938,0.139
compass08.sivers.k+.dpt.0,1 - 1 - 12012,1 - 1 - 2012,301.03984399999996,1.9416487838947598,1.0,16.436057921533376,0.039,0.03,1.0,0.39,0.2,1.0,0.3503,0.3,0.4,-0.0137,0.028,1.0,True,0.1,0.9,25.0,10000.0,0.938,0.139
compass08.sivers.k+.dpt.0,1 - 1 - 12012,1 - 1 - 2012,301.03984399999996,1.9416487838947598,1.0,16.436057921533376,0.039,0.03,1.0,0.4,0.2,1.0,0.4491,0.4,0.5,0.0165,0.028,1.0,True,0.1,0.9,25.0,10000.0,0.938,0.139
compass08.sivers.k+.dpt.0,1 - 1 - 12012,1 - 1 - 2012,301.03984399999996,1.9390719429665315,1.0,16.436057921533376,0.039,0.03,1.0,0.41,0.2,1.0,0.5486,0.5,0.6,0.0518,0.029,1.0,True,0.1,0.9,25.0,10000.0,0.938,0.139
compass08.sivers.k+.dpt.0,1 - 1 - 12012,1 - 1 - 2012,301.03984399999996,1.9183326093250879,1.0,16.436057921533376,0.038,0.03,1.0,0.42,0.2,1.0,0.6703,0.6,0.75,-0.0192,0.0259,1.0,True,0.1,0.9,25.0,10000.0,0.938,0.139
compass08.sivers.k+.dpt.0,1 - 1 - 12012,1 - 1 - 2012,301.03984399999996,1.9261360284258222,1.0,16.436057921533376,0.038,0.03,1.0,0.43,0.2,1.0,0.8192,0.75,0.9,0.0251,0.0315,1.0,True,0.1,0.9,25.0,10000.0,0.938,0.139
compass08.sivers.k+.dpt.0,1 - 1 - 12012,1 - 1 - 2012,301.03984399999996,1.9364916731037085,1.0,16.436057921533376,0.037,0.03,1.0,0.44,0.2,1.0,1.051,0.9,1.3,0.0061,0.0297,1.0,True,0.1,0.9,25.0,10000.0,0.938,0.139
compass08.sivers.k+.dpt.0,1 - 1 - 12012,1 - 1 - 2012,301.03984399999996,2.029778313018444,1.0,16.436057921533376,0.036,0.03,1.0,0.44,0.2,1.0,1.57,1.3,10.0,0.0144,0.0541,1.0,True,0.1,0.9,25.0,10000.0,0.938,0.139
