Name,compass16.sivers.h-.zgt01.Q4-9.dpt
Comment,COMPASS16 SSA-Sivers h-, z>0.1, 4<Q<9 (differential in pt)
Reference,1609.07374
Process type,SIDIS
Number of points,5
Number of uncorr.errors,2
Number of corr.errors,0
Number of norm.errors,0
List of norm.errors (relative),
Total cross-section nomalized,False
List of points 
Point id,process id,weightProcess,s[GeV^2],<Q>[GeV],Qmin[GeV],Qmax[GeV],<x>,xMin,xMax,<z>,zMin,zMax,<pT>[GeV],pTMin[GeV],pTMax[GeV],xSec,Uncorr.Err.0,Uncorr.Err.1,Th.Factor,FiducialCuts,yMin,yMax,W2min[GeV^2],W2max[GeV^2],TargetMass[GeV],ProductMass[GeV]
compass16.sivers.h-.zgt01.Q4-9.dpt.0,1 - 1 - 12040,1 - 1 - 2040,301.03984399999996,5.065570056765576,1.284865751742181,14.700857117869013,0.235,0.055,0.8,0.2,0.1,1.0,0.21,0.1,0.3,0.017,0.014,0.016,1.0,True,0.1,0.9,10.0,10000.0,0.938,0.139
compass16.sivers.h-.zgt01.Q4-9.dpt.0,1 - 1 - 12040,1 - 1 - 2040,301.03984399999996,5.089204259999788,1.284865751742181,14.700857117869013,0.233,0.055,0.8,0.21,0.1,1.0,0.4,0.3,0.5,0.027,0.014,0.015,1.0,True,0.1,0.9,10.0,10000.0,0.938,0.139
compass16.sivers.h-.zgt01.Q4-9.dpt.0,1 - 1 - 12040,1 - 1 - 2040,301.03984399999996,5.127377497317708,1.284865751742181,14.700857117869013,0.232,0.055,0.8,0.24,0.1,1.0,0.61,0.5,0.75,0.014,0.016,0.018,1.0,True,0.1,0.9,10.0,10000.0,0.938,0.139
compass16.sivers.h-.zgt01.Q4-9.dpt.0,1 - 1 - 12040,1 - 1 - 2040,301.03984399999996,5.173973328110612,1.284865751742181,14.700857117869013,0.232,0.055,0.8,0.29,0.1,1.0,0.86,0.75,1.0,-0.006,0.026,0.029,1.0,True,0.1,0.9,10.0,10000.0,0.938,0.139
compass16.sivers.h-.zgt01.Q4-9.dpt.0,1 - 1 - 12040,1 - 1 - 2040,301.03984399999996,5.263078946776307,1.284865751742181,14.700857117869013,0.246,0.055,0.8,0.37,0.1,1.0,1.31,1.0,10.0,0.04,0.033,0.036,1.0,True,0.1,0.9,10.0,10000.0,0.938,0.139
