Name,compass16.sivers.h-.zgt02.Q2.5-4.dz
Comment,COMPASS16 SSA-Sivers h-, z>0.2, 2.5<Q<4 (differential in z)
Reference,1609.07374
Process type,SIDIS
Number of points,5
Number of uncorr.errors,2
Number of corr.errors,0
Number of norm.errors,0
List of norm.errors (relative),
Total cross-section nomalized,False
List of points 
Point id,process id,weightProcess,s[GeV^2],<Q>[GeV],Qmin[GeV],Qmax[GeV],<x>,xMin,xMax,<z>,zMin,zMax,<pT>[GeV],pTMin[GeV],pTMax[GeV],xSec,Uncorr.Err.0,Uncorr.Err.1,Th.Factor,FiducialCuts,yMin,yMax,W2min[GeV^2],W2max[GeV^2],TargetMass[GeV],ProductMass[GeV]
compass16.sivers.h-.zgt02.Q2.5-4.dz.0,1 - 1 - 12040,1 - 1 - 2040,301.03984399999996,3.057776970284131,1.0,12.18930678914925,0.122,0.022,0.55,0.22,0.2,0.25,0.46,0.1,10.0,0.017,0.011,0.012,1.0,True,0.1,0.9,10.0,10000.0,0.938,0.139
compass16.sivers.h-.zgt02.Q2.5-4.dz.0,1 - 1 - 12040,1 - 1 - 2040,301.03984399999996,3.056141357987225,1.0,12.18930678914925,0.124,0.022,0.55,0.27,0.25,0.3,0.49,0.1,10.0,0.024,0.013,0.015,1.0,True,0.1,0.9,10.0,10000.0,0.938,0.139
compass16.sivers.h-.zgt02.Q2.5-4.dz.0,1 - 1 - 12040,1 - 1 - 2040,301.03984399999996,3.0528675044947495,1.0,12.18930678914925,0.126,0.022,0.55,0.34,0.3,0.4,0.53,0.1,10.0,0.01,0.012,0.013,1.0,True,0.1,0.9,10.0,10000.0,0.938,0.139
compass16.sivers.h-.zgt02.Q2.5-4.dz.0,1 - 1 - 12040,1 - 1 - 2040,301.03984399999996,3.0495901363953815,1.0,12.18930678914925,0.128,0.022,0.55,0.48,0.4,0.6,0.59,0.1,10.0,0.012,0.014,0.015,1.0,True,0.1,0.9,10.0,10000.0,0.938,0.139
compass16.sivers.h-.zgt02.Q2.5-4.dz.0,1 - 1 - 12040,1 - 1 - 2040,301.03984399999996,3.0364452901377956,1.0,12.18930678914925,0.13,0.022,0.55,0.72,0.6,1.0,0.65,0.1,10.0,0.011,0.023,0.026,1.0,True,0.1,0.9,10.0,10000.0,0.938,0.139
