Name,compass16.sivers.h-.z>2.2<Q<2.5.dpt
Comment,COMPASS16 SSA-Sivers h-, z>0.2, 2<Q<2.5 (differential in pt)
Reference,1609.07374
Process type,SIDIS
Number of points,5
Number of uncorr.errors,2
Number of corr.errors,0
Number of norm.errors,0
List of norm.errors (relative),
Total cross-section nomalized,False
List of points 
Point id,process id,weightProcess,s[GeV^2],<Q>[GeV],Qmin[GeV],Qmax[GeV],<x>,xMin,xMax,<z>,zMin,zMax,<pT>[GeV],pTMin[GeV],pTMax[GeV],xSec,Uncorr.Err.0,Uncorr.Err.1,Th.Factor,FiducialCuts,yMin,yMax,W2min[GeV^2],W2max[GeV^2],TargetMass[GeV],ProductMass[GeV]
compass16.sivers.h-.z>2.2<Q<2.5.dpt.0,1 - 1 - 12040,1 - 1 - 2040,301.03984399999996,2.227105745132009,1.0,7.621086536708529,0.075,0.014,0.215,0.33,0.2,1.0,0.21,0.1,0.3,-0.001,0.012,0.013,1.0,True,0.1,0.9,10.0,10000.0,0.938,0.139
compass16.sivers.h-.z>2.2<Q<2.5.dpt.0,1 - 1 - 12040,1 - 1 - 2040,301.03984399999996,2.227105745132009,1.0,7.621086536708529,0.074,0.014,0.215,0.34,0.2,1.0,0.4,0.3,0.5,0.007,0.011,0.012,1.0,True,0.1,0.9,10.0,10000.0,0.938,0.139
compass16.sivers.h-.z>2.2<Q<2.5.dpt.0,1 - 1 - 12040,1 - 1 - 2040,301.03984399999996,2.227105745132009,1.0,7.621086536708529,0.07,0.014,0.215,0.35,0.2,1.0,0.61,0.5,0.75,0.018,0.012,0.013,1.0,True,0.1,0.9,10.0,10000.0,0.938,0.139
compass16.sivers.h-.z>2.2<Q<2.5.dpt.0,1 - 1 - 12040,1 - 1 - 2040,301.03984399999996,2.227105745132009,1.0,7.621086536708529,0.065,0.014,0.215,0.38,0.2,1.0,0.85,0.75,1.0,-0.024,0.018,0.02,1.0,True,0.1,0.9,10.0,10000.0,0.938,0.139
compass16.sivers.h-.z>2.2<Q<2.5.dpt.0,1 - 1 - 12040,1 - 1 - 2040,301.03984399999996,2.2293496809607953,1.0,7.621086536708529,0.056,0.014,0.215,0.41,0.2,1.0,1.27,1.0,10.0,0.01,0.024,0.027,1.0,True,0.1,0.9,10.0,10000.0,0.938,0.139
