Name,compass08.sivers.k-.dpt
Comment,COMPASS SSA-Sivers k- (differential in pt)
Reference,0802.2160
Process type,SIDIS
Number of points,9
Number of uncorr.errors,1
Number of corr.errors,0
Number of norm.errors,0
List of norm.errors (relative),
Total cross-section nomalized,False
List of points 
Point id,process id,weightProcess,s[GeV^2],<Q>[GeV],Qmin[GeV],Qmax[GeV],<x>,xMin,xMax,<z>,zMin,zMax,<pT>[GeV],pTMin[GeV],pTMax[GeV],xSec,Uncorr.Err.0,Th.Factor,FiducialCuts,yMin,yMax,W2min[GeV^2],W2max[GeV^2],TargetMass[GeV],ProductMass[GeV]
compass08.sivers.k-.dpt.0,1 - 1 - 12032,1 - 1 - 2032,301.03984399999996,1.8083141320025125,1.0,16.436057921533376,0.032,0.03,1.0,0.38,0.2,1.0,0.154,0.1,0.2,-0.0453,0.0513,1.0,True,0.1,0.9,25.0,10000.0,0.938,0.139
compass08.sivers.k-.dpt.0,1 - 1 - 12032,1 - 1 - 2032,301.03984399999996,1.8083141320025125,1.0,16.436057921533376,0.032,0.03,1.0,0.37,0.2,1.0,0.2516,0.2,0.3,-0.0098,0.0428,1.0,True,0.1,0.9,25.0,10000.0,0.938,0.139
compass08.sivers.k-.dpt.0,1 - 1 - 12032,1 - 1 - 2032,301.03984399999996,1.8138357147217055,1.0,16.436057921533376,0.031,0.03,1.0,0.37,0.2,1.0,0.3501,0.3,0.4,-0.0537,0.0426,1.0,True,0.1,0.9,25.0,10000.0,0.938,0.139
compass08.sivers.k-.dpt.0,1 - 1 - 12032,1 - 1 - 2032,301.03984399999996,1.8275666882497066,1.0,16.436057921533376,0.032,0.03,1.0,0.37,0.2,1.0,0.4491,0.4,0.5,0.0195,0.0407,1.0,True,0.1,0.9,25.0,10000.0,0.938,0.139
compass08.sivers.k-.dpt.0,1 - 1 - 12032,1 - 1 - 2032,301.03984399999996,1.8303005217723127,1.0,16.436057921533376,0.032,0.03,1.0,0.38,0.2,1.0,0.5485,0.5,0.6,0.0393,0.0402,1.0,True,0.1,0.9,25.0,10000.0,0.938,0.139
compass08.sivers.k-.dpt.0,1 - 1 - 12032,1 - 1 - 2032,301.03984399999996,1.816590212458495,1.0,16.436057921533376,0.031,0.03,1.0,0.38,0.2,1.0,0.6699,0.6,0.75,-0.0387,0.0345,1.0,True,0.1,0.9,25.0,10000.0,0.938,0.139
compass08.sivers.k-.dpt.0,1 - 1 - 12032,1 - 1 - 2032,301.03984399999996,1.816590212458495,1.0,16.436057921533376,0.031,0.03,1.0,0.39,0.2,1.0,0.8183,0.75,0.9,-0.0313,0.041,1.0,True,0.1,0.9,25.0,10000.0,0.938,0.139
compass08.sivers.k-.dpt.0,1 - 1 - 12032,1 - 1 - 2032,301.03984399999996,1.8275666882497066,1.0,16.436057921533376,0.03,0.03,1.0,0.4,0.2,1.0,1.052,0.9,1.3,-0.0967,0.0376,1.0,True,0.1,0.9,25.0,10000.0,0.938,0.139
compass08.sivers.k-.dpt.0,1 - 1 - 12032,1 - 1 - 2032,301.03984399999996,1.8708286933869707,1.0,16.436057921533376,0.028,0.03,1.0,0.41,0.2,1.0,1.57,1.3,10.0,-0.15,0.0644,1.0,True,0.1,0.9,25.0,10000.0,0.938,0.139
