Name,compass16.sivers.h-.z>2.2<Q<2.5.dx
Comment,COMPASS16 SSA-Sivers h-, z>0.2, 2<Q<2.5 (differential in x)
Reference,1609.07374
Process type,SIDIS
Number of points,6
Number of uncorr.errors,2
Number of corr.errors,0
Number of norm.errors,0
List of norm.errors (relative),
Total cross-section nomalized,False
List of points 
Point id,process id,weightProcess,s[GeV^2],<Q>[GeV],Qmin[GeV],Qmax[GeV],<x>,xMin,xMax,<z>,zMin,zMax,<pT>[GeV],pTMin[GeV],pTMax[GeV],xSec,Uncorr.Err.0,Uncorr.Err.1,Th.Factor,FiducialCuts,yMin,yMax,W2min[GeV^2],W2max[GeV^2],TargetMass[GeV],ProductMass[GeV]
compass16.sivers.h-.z>2.2<Q<2.5.dx.0,1 - 1 - 12040,1 - 1 - 2040,301.03984399999996,2.1213203435596424,1.0,2.43786135782985,0.02,0.014,0.022,0.35,0.2,1.0,0.56,0.1,10.0,-0.007,0.031,0.034,1.0,True,0.1,0.9,10.0,10000.0,0.938,0.139
compass16.sivers.h-.z>2.2<Q<2.5.dx.0,1 - 1 - 12040,1 - 1 - 2040,301.03984399999996,2.2045407685048604,1.0,3.0749048765774853,0.029,0.022,0.035,0.35,0.2,1.0,0.56,0.1,10.0,-0.005,0.015,0.017,1.0,True,0.1,0.9,10.0,10000.0,0.938,0.139
compass16.sivers.h-.z>2.2<Q<2.5.dx.0,1 - 1 - 12040,1 - 1 - 2040,301.03984399999996,2.2203603311174516,1.024968292192495,3.854597255226543,0.045,0.035,0.055,0.35,0.2,1.0,0.53,0.1,10.0,0.021,0.013,0.014,1.0,True,0.1,0.9,10.0,10000.0,0.938,0.139
compass16.sivers.h-.z>2.2<Q<2.5.dx.0,1 - 1 - 12040,1 - 1 - 2040,301.03984399999996,2.2293496809607953,1.284865751742181,5.325891474673512,0.075,0.055,0.105,0.35,0.2,1.0,0.5,0.1,10.0,-0.006,0.01,0.012,1.0,True,0.1,0.9,10.0,10000.0,0.938,0.139
compass16.sivers.h-.z>2.2<Q<2.5.dx.0,1 - 1 - 12040,1 - 1 - 2040,301.03984399999996,2.240535650240808,1.775297158224504,6.258664394261766,0.12,0.105,0.145,0.36,0.2,1.0,0.46,0.1,10.0,0.013,0.013,0.015,1.0,True,0.1,0.9,10.0,10000.0,0.938,0.139
compass16.sivers.h-.z>2.2<Q<2.5.dx.0,1 - 1 - 12040,1 - 1 - 2040,301.03984399999996,2.349468024894146,2.0862214647539217,7.621086536708529,0.163,0.145,0.215,0.36,0.2,1.0,0.44,0.1,10.0,0.009,0.022,0.025,1.0,True,0.1,0.9,10.0,10000.0,0.938,0.139
