Name,hermes.sivers.k+.Q>2.dpt
Comment,HERMESS SSA-Sivers k+ (Q>2, differential in pt). The data MUST be evaluated at a point
Reference,0906.3918
Process type,SIDIS
Number of points,7
Number of uncorr.errors,2
Number of corr.errors,0
Number of norm.errors,1
List of norm.errors (relative),0.073
Total cross-section nomalized,False
List of points 
Point id,process id,weightProcess,s[GeV^2],<Q>[GeV],Qmin[GeV],Qmax[GeV],<x>,xMin,xMax,<z>,zMin,zMax,<pT>[GeV],pTMin[GeV],pTMax[GeV],xSec,Uncorr.Err.0,Uncorr.Err.1,Th.Factor,FiducialCuts,yMin,yMax,W2min[GeV^2],W2max[GeV^2],TargetMass[GeV],ProductMass[GeV]
hermes.sivers.k+.Q>2.dpt.1,1 - 1 - 12002,1 - 1 - 2002,52.657444,2.375920874103344,2.0,19.675488,0.214,0.023,0.4,0.359,0.2,0.7,0.111,1e-05,0.17,0.0291,0.0379,0.0283,1.0,True,0.1,0.95,10.0,10000.0,0.938,0.139
hermes.sivers.k+.Q>2.dpt.1,1 - 1 - 12002,1 - 1 - 2002,52.657444,2.3700210969525144,2.0,19.675488,0.212,0.023,0.4,0.381,0.2,0.7,0.211,0.17,0.25,0.0389,0.0414,0.0204,1.0,True,0.1,0.95,10.0,10000.0,0.938,0.139
hermes.sivers.k+.Q>2.dpt.1,1 - 1 - 12002,1 - 1 - 2002,52.657444,2.373604853382298,2.0,19.675488,0.211,0.023,0.4,0.384,0.2,0.7,0.289,0.25,0.33,0.0908,0.0408,0.0142,1.0,True,0.1,0.95,10.0,10000.0,0.938,0.139
hermes.sivers.k+.Q>2.dpt.1,1 - 1 - 12002,1 - 1 - 2002,52.657444,2.347977853387889,2.0,19.675488,0.204,0.023,0.4,0.4,0.2,0.7,0.369,0.33,0.41,0.0521,0.0426,0.0081,1.0,True,0.1,0.95,10.0,10000.0,0.938,0.139
hermes.sivers.k+.Q>2.dpt.1,1 - 1 - 12002,1 - 1 - 2002,52.657444,2.352020408074726,2.0,19.675488,0.2,0.023,0.4,0.414,0.2,0.7,0.487,0.41,0.58,0.103,0.0344,0.0016,1.0,True,0.1,0.95,10.0,10000.0,0.938,0.139
hermes.sivers.k+.Q>2.dpt.1,1 - 1 - 12002,1 - 1 - 2002,52.657444,2.340726382984564,2.0,19.675488,0.193,0.023,0.4,0.438,0.2,0.7,0.671,0.58,0.8,-0.0288,0.0445,0.0157,1.0,True,0.1,0.95,10.0,10000.0,0.938,0.139
hermes.sivers.k+.Q>2.dpt.1,1 - 1 - 12002,1 - 1 - 2002,52.657444,2.3252956801232827,2.0,19.675488,0.179,0.023,0.4,0.482,0.2,0.7,0.961,0.8,2.0,0.2306,0.0697,0.0362,1.0,True,0.1,0.95,10.0,10000.0,0.938,0.139
