Name,hermes.sivers.pi+.Qint.dx
Comment,HERMESS SSA-Sivers pi+ (integrated in Q, differential in x). The data MUST be evaluated at a point
Reference,0906.3918
Process type,SIDIS
Number of points,7
Number of uncorr.errors,2
Number of corr.errors,0
Number of norm.errors,1
List of norm.errors (relative),0.073
Total cross-section nomalized,False
List of points 
Point id,process id,weightProcess,s[GeV^2],<Q>[GeV],Qmin[GeV],Qmax[GeV],<x>,xMin,xMax,<z>,zMin,zMax,<pT>[GeV],pTMin[GeV],pTMax[GeV],xSec,Uncorr.Err.0,Uncorr.Err.1,Th.Factor,FiducialCuts,yMin,yMax,W2min[GeV^2],W2max[GeV^2],TargetMass[GeV],ProductMass[GeV]
hermes.sivers.pi+.Qint.dx.1,1 - 1 - 12001,1 - 1 - 2001,52.657444,1.1318127053536728,1.0,1.4877810322759193,0.036,0.023,0.045,0.336,0.2,0.7,0.489,1e-05,2.0,0.0385,0.0088,0.001,1.0,True,0.1,0.95,10.0,10000.0,0.938,0.139
hermes.sivers.pi+.Qint.dx.1,1 - 1 - 12001,1 - 1 - 2001,52.657444,1.277106103657797,1.0,1.8153909331050433,0.056,0.045,0.067,0.356,0.2,0.7,0.409,1e-05,2.0,0.0264,0.0071,0.0017,1.0,True,0.1,0.95,10.0,10000.0,0.938,0.139
hermes.sivers.pi+.Qint.dx.1,1 - 1 - 12001,1 - 1 - 2001,52.657444,1.420211251891774,1.0,2.0567522748255316,0.076,0.067,0.086,0.367,0.2,0.7,0.372,1e-05,2.0,0.0542,0.0078,0.0024,1.0,True,0.1,0.95,10.0,10000.0,0.938,0.139
hermes.sivers.pi+.Qint.dx.1,1 - 1 - 12001,1 - 1 - 2001,52.657444,1.5706686474237652,1.0,2.357610094990264,0.098,0.086,0.113,0.376,0.2,0.7,0.356,1e-05,2.0,0.0516,0.007,0.0033,1.0,True,0.1,0.95,10.0,10000.0,0.938,0.139
hermes.sivers.pi+.Qint.dx.1,1 - 1 - 12001,1 - 1 - 2001,52.657444,1.7896927110540513,1.0779001821624068,2.805386818248065,0.133,0.113,0.16,0.379,0.2,0.7,0.344,1e-05,2.0,0.0361,0.0066,0.0046,1.0,True,0.1,0.95,10.0,10000.0,0.938,0.139
hermes.sivers.pi+.Qint.dx.1,1 - 1 - 12001,1 - 1 - 2001,52.657444,2.0787015177749786,1.318018426058062,3.2896076361779074,0.186,0.16,0.22,0.379,0.2,0.7,0.339,1e-05,2.0,0.0531,0.0086,0.0064,1.0,True,0.1,0.95,10.0,10000.0,0.938,0.139
hermes.sivers.pi+.Qint.dx.1,1 - 1 - 12001,1 - 1 - 2001,52.657444,2.4857594412975685,1.6038552591514275,4.435706031738352,0.275,0.22,0.4,0.375,0.2,0.7,0.344,1e-05,2.0,0.0546,0.0118,0.0093,1.0,True,0.1,0.95,10.0,10000.0,0.938,0.139
