Name,hermes.sivers.k-.Qint.dz
Comment,HERMESS SSA-Sivers k- (integrated in Q, differential in z). The data MUST be evaluated at a point
Reference,0906.3918
Process type,SIDIS
Number of points,7
Number of uncorr.errors,2
Number of corr.errors,0
Number of norm.errors,1
List of norm.errors (relative),0.073
Total cross-section nomalized,False
List of points 
Point id,process id,weightProcess,s[GeV^2],<Q>[GeV],Qmin[GeV],Qmax[GeV],<x>,xMin,xMax,<z>,zMin,zMax,<pT>[GeV],pTMin[GeV],pTMax[GeV],xSec,Uncorr.Err.0,Uncorr.Err.1,Th.Factor,FiducialCuts,yMin,yMax,W2min[GeV^2],W2max[GeV^2],TargetMass[GeV],ProductMass[GeV]
hermes.sivers.k-.Qint.dz.1,1 - 1 - 12022,1 - 1 - 2022,52.657444,1.5469324484281788,1.0,4.435706031738352,0.081,0.023,0.4,0.234,0.2,0.27,0.366,1e-05,2.0,-0.0004,0.0207,0.0094,1.0,True,0.1,0.95,10.0,10000.0,0.938,0.139
hermes.sivers.k-.Qint.dz.1,1 - 1 - 12022,1 - 1 - 2022,52.657444,1.5427248620541512,1.0,4.435706031738352,0.086,0.023,0.4,0.303,0.27,0.34,0.401,1e-05,2.0,0.0166,0.0225,0.0108,1.0,True,0.1,0.95,10.0,10000.0,0.938,0.139
hermes.sivers.k-.Qint.dz.1,1 - 1 - 12022,1 - 1 - 2022,52.657444,1.54434452114805,1.0,4.435706031738352,0.091,0.023,0.4,0.373,0.34,0.41,0.429,1e-05,2.0,0.0192,0.0259,0.0122,1.0,True,0.1,0.95,10.0,10000.0,0.938,0.139
hermes.sivers.k-.Qint.dz.1,1 - 1 - 12022,1 - 1 - 2022,52.657444,1.5231546211727816,1.0,4.435706031738352,0.091,0.023,0.4,0.448,0.41,0.49,0.45,1e-05,2.0,0.0621,0.0291,0.0137,1.0,True,0.1,0.95,10.0,10000.0,0.938,0.139
hermes.sivers.k-.Qint.dz.1,1 - 1 - 12022,1 - 1 - 2022,52.657444,1.5145956556124147,1.0,4.435706031738352,0.091,0.023,0.4,0.523,0.49,0.56,0.463,1e-05,2.0,0.084,0.0388,0.0152,1.0,True,0.1,0.95,10.0,10000.0,0.938,0.139
hermes.sivers.k-.Qint.dz.1,1 - 1 - 12022,1 - 1 - 2022,52.657444,1.5247950681976907,1.0,4.435706031738352,0.092,0.023,0.4,0.591,0.56,0.63,0.479,1e-05,2.0,0.0128,0.048,0.0166,1.0,True,0.1,0.95,10.0,10000.0,0.938,0.139
hermes.sivers.k-.Qint.dz.1,1 - 1 - 12022,1 - 1 - 2022,52.657444,1.5261061562027722,1.0,4.435706031738352,0.094,0.023,0.4,0.662,0.63,0.7,0.493,1e-05,2.0,0.0817,0.0665,0.0181,1.0,True,0.1,0.95,10.0,10000.0,0.938,0.139
