Name,hermes.sivers.pi+.Q<2.dz
Comment,HERMESS SSA-Sivers pi+ (Q<2, differential in z). The data MUST be evaluated at a point
Reference,0906.3918
Process type,SIDIS
Number of points,7
Number of uncorr.errors,2
Number of corr.errors,0
Number of norm.errors,1
List of norm.errors (relative),0.073
Total cross-section nomalized,False
List of points 
Point id,process id,weightProcess,s[GeV^2],<Q>[GeV],Qmin[GeV],Qmax[GeV],<x>,xMin,xMax,<z>,zMin,zMax,<pT>[GeV],pTMin[GeV],pTMax[GeV],xSec,Uncorr.Err.0,Uncorr.Err.1,Th.Factor,FiducialCuts,yMin,yMax,W2min[GeV^2],W2max[GeV^2],TargetMass[GeV],ProductMass[GeV]
hermes.sivers.pi+.Q<2.dz.1,1 - 1 - 12001,1 - 1 - 2001,52.657444,1.3960659010233005,1.0,2.0,0.068,0.023,0.4,0.234,0.2,0.27,0.351,1e-05,2.0,0.0363,0.0057,0.0007,1.0,True,0.1,0.95,10.0,10000.0,0.938,0.139
hermes.sivers.pi+.Q<2.dz.1,1 - 1 - 12001,1 - 1 - 2001,52.657444,1.4,1.0,2.0,0.076,0.023,0.4,0.303,0.27,0.34,0.381,1e-05,2.0,0.0287,0.0064,0.0005,1.0,True,0.1,0.95,10.0,10000.0,0.938,0.139
hermes.sivers.pi+.Q<2.dz.1,1 - 1 - 12001,1 - 1 - 2001,52.657444,1.3992855319769444,1.0,2.0,0.08,0.023,0.4,0.373,0.34,0.41,0.407,1e-05,2.0,0.0348,0.0075,0.001,1.0,True,0.1,0.95,10.0,10000.0,0.938,0.139
hermes.sivers.pi+.Q<2.dz.1,1 - 1 - 12001,1 - 1 - 2001,52.657444,1.398570698963767,1.0,2.0,0.083,0.023,0.4,0.447,0.41,0.49,0.433,1e-05,2.0,0.0396,0.0085,0.0016,1.0,True,0.1,0.95,10.0,10000.0,0.938,0.139
hermes.sivers.pi+.Q<2.dz.1,1 - 1 - 12001,1 - 1 - 2001,52.657444,1.3971399357258385,1.0,2.0,0.084,0.023,0.4,0.523,0.49,0.56,0.455,1e-05,2.0,0.0593,0.0109,0.0023,1.0,True,0.1,0.95,10.0,10000.0,0.938,0.139
hermes.sivers.pi+.Q<2.dz.1,1 - 1 - 12001,1 - 1 - 2001,52.657444,1.39534941860453,1.0,2.0,0.085,0.023,0.4,0.593,0.56,0.63,0.464,1e-05,2.0,0.061,0.0128,0.003,1.0,True,0.1,0.95,10.0,10000.0,0.938,0.139
hermes.sivers.pi+.Q<2.dz.1,1 - 1 - 12001,1 - 1 - 2001,52.657444,1.3906832852953974,1.0,2.0,0.087,0.023,0.4,0.663,0.63,0.7,0.464,1e-05,2.0,0.0798,0.0151,0.0037,1.0,True,0.1,0.95,10.0,10000.0,0.938,0.139
