Name,hermes.sivers.pi0.Qint.dpt
Comment,HERMESS SSA-Sivers pi0 (integrated in Q, differential in pt). The data MUST be evaluated at a point
Reference,0906.3918
Process type,SIDIS
Number of points,7
Number of uncorr.errors,2
Number of corr.errors,0
Number of norm.errors,1
List of norm.errors (relative),0.073
Total cross-section nomalized,False
List of points 
Point id,process id,weightProcess,s[GeV^2],<Q>[GeV],Qmin[GeV],Qmax[GeV],<x>,xMin,xMax,<z>,zMin,zMax,<pT>[GeV],pTMin[GeV],pTMax[GeV],xSec,Uncorr.Err.0,Uncorr.Err.1,Th.Factor,FiducialCuts,yMin,yMax,W2min[GeV^2],W2max[GeV^2],TargetMass[GeV],ProductMass[GeV]
hermes.sivers.pi0.Qint.dpt.1,1 - 1 - 12001,1 - 1 - 2001,52.657444,1.652573750245356,1.0,4.435706031738352,0.111,0.023,0.4,0.391,0.2,0.7,0.113,1e-05,0.17,0.0128,0.027,0.0169,1.0,True,0.1,0.95,10.0,10000.0,0.938,0.139
hermes.sivers.pi0.Qint.dpt.1,1 - 1 - 12001,1 - 1 - 2001,52.657444,1.6275748830699004,1.0,4.435706031738352,0.103,0.023,0.4,0.384,0.2,0.7,0.212,0.17,0.25,0.0667,0.0273,0.0163,1.0,True,0.1,0.95,10.0,10000.0,0.938,0.139
hermes.sivers.pi0.Qint.dpt.1,1 - 1 - 12001,1 - 1 - 2001,52.657444,1.597811002590732,1.0,4.435706031738352,0.095,0.023,0.4,0.381,0.2,0.7,0.29,0.25,0.33,0.0625,0.0261,0.0158,1.0,True,0.1,0.95,10.0,10000.0,0.938,0.139
hermes.sivers.pi0.Qint.dpt.1,1 - 1 - 12001,1 - 1 - 2001,52.657444,1.5671630419327787,1.0,4.435706031738352,0.087,0.023,0.4,0.381,0.2,0.7,0.369,0.33,0.41,0.0575,0.0249,0.0153,1.0,True,0.1,0.95,10.0,10000.0,0.938,0.139
hermes.sivers.pi0.Qint.dpt.1,1 - 1 - 12001,1 - 1 - 2001,52.657444,1.5385057685949701,1.0,4.435706031738352,0.08,0.023,0.4,0.382,0.2,0.7,0.49,0.41,0.58,0.0177,0.0169,0.0146,1.0,True,0.1,0.95,10.0,10000.0,0.938,0.139
hermes.sivers.pi0.Qint.dpt.1,1 - 1 - 12001,1 - 1 - 2001,52.657444,1.5099668870541498,1.0,4.435706031738352,0.073,0.023,0.4,0.404,0.2,0.7,0.673,0.58,0.8,0.0315,0.0183,0.0134,1.0,True,0.1,0.95,10.0,10000.0,0.938,0.139
hermes.sivers.pi0.Qint.dpt.1,1 - 1 - 12001,1 - 1 - 2001,52.657444,1.5043270920913443,1.0,4.435706031738352,0.07,0.023,0.4,0.463,0.2,0.7,0.959,0.8,2.0,0.0196,0.0244,0.0117,1.0,True,0.1,0.95,10.0,10000.0,0.938,0.139
