Name,hermes.sivers.k+.Q>2.dz
Comment,HERMESS SSA-Sivers k+ (Q>2, differential in z). The data MUST be evaluated at a point
Reference,0906.3918
Process type,SIDIS
Number of points,7
Number of uncorr.errors,2
Number of corr.errors,0
Number of norm.errors,1
List of norm.errors (relative),0.073
Total cross-section nomalized,False
List of points 
Point id,process id,weightProcess,s[GeV^2],<Q>[GeV],Qmin[GeV],Qmax[GeV],<x>,xMin,xMax,<z>,zMin,zMax,<pT>[GeV],pTMin[GeV],pTMax[GeV],xSec,Uncorr.Err.0,Uncorr.Err.1,Th.Factor,FiducialCuts,yMin,yMax,W2min[GeV^2],W2max[GeV^2],TargetMass[GeV],ProductMass[GeV]
hermes.sivers.k+.Q>2.dz.1,1 - 1 - 12002,1 - 1 - 2002,52.657444,2.349893614613223,2.0,19.675488,0.194,0.023,0.4,0.236,0.2,0.27,0.314,1e-05,2.0,-0.0081,0.0383,0.0051,1.0,True,0.1,0.95,10.0,10000.0,0.938,0.139
hermes.sivers.k+.Q>2.dz.1,1 - 1 - 12002,1 - 1 - 2002,52.657444,2.360084744241189,2.0,19.675488,0.202,0.023,0.4,0.304,0.27,0.34,0.344,1e-05,2.0,-0.0089,0.0352,0.0037,1.0,True,0.1,0.95,10.0,10000.0,0.938,0.139
hermes.sivers.k+.Q>2.dz.1,1 - 1 - 12002,1 - 1 - 2002,52.657444,2.361990685841077,2.0,19.675488,0.204,0.023,0.4,0.374,0.34,0.41,0.376,1e-05,2.0,0.0685,0.0344,0.0022,1.0,True,0.1,0.95,10.0,10000.0,0.938,0.139
hermes.sivers.k+.Q>2.dz.1,1 - 1 - 12002,1 - 1 - 2002,52.657444,2.360296591532513,2.0,19.675488,0.207,0.023,0.4,0.448,0.41,0.49,0.401,1e-05,2.0,0.0707,0.0379,0.001,1.0,True,0.1,0.95,10.0,10000.0,0.938,0.139
hermes.sivers.k+.Q>2.dz.1,1 - 1 - 12002,1 - 1 - 2002,52.657444,2.354145280138845,2.0,19.675488,0.212,0.023,0.4,0.522,0.49,0.56,0.44,1e-05,2.0,0.185,0.0474,0.0016,1.0,True,0.1,0.95,10.0,10000.0,0.938,0.139
hermes.sivers.k+.Q>2.dz.1,1 - 1 - 12002,1 - 1 - 2002,52.657444,2.3746578700941323,2.0,19.675488,0.213,0.023,0.4,0.594,0.56,0.63,0.464,1e-05,2.0,0.117,0.0545,0.0029,1.0,True,0.1,0.95,10.0,10000.0,0.938,0.139
hermes.sivers.k+.Q>2.dz.1,1 - 1 - 12002,1 - 1 - 2002,52.657444,2.353295561547678,2.0,19.675488,0.21,0.023,0.4,0.662,0.63,0.7,0.491,1e-05,2.0,0.1426,0.065,0.0044,1.0,True,0.1,0.95,10.0,10000.0,0.938,0.139
