Name,hermes.sivers.pi-.Qint.dx
Comment,HERMESS SSA-Sivers pi- (integrated in Q, differential in x). The data MUST be evaluated at a point
Reference,0906.3918
Process type,SIDIS
Number of points,7
Number of uncorr.errors,2
Number of corr.errors,0
Number of norm.errors,1
List of norm.errors (relative),0.073
Total cross-section nomalized,False
List of points 
Point id,process id,weightProcess,s[GeV^2],<Q>[GeV],Qmin[GeV],Qmax[GeV],<x>,xMin,xMax,<z>,zMin,zMax,<pT>[GeV],pTMin[GeV],pTMax[GeV],xSec,Uncorr.Err.0,Uncorr.Err.1,Th.Factor,FiducialCuts,yMin,yMax,W2min[GeV^2],W2max[GeV^2],TargetMass[GeV],ProductMass[GeV]
hermes.sivers.pi-.Qint.dx.1,1 - 1 - 12021,1 - 1 - 2021,52.657444,1.1304866208850064,1.0,1.4877810322759193,0.035,0.023,0.045,0.33,0.2,0.7,0.484,1e-05,2.0,0.0104,0.0095,0.0041,1.0,True,0.1,0.95,10.0,10000.0,0.938,0.139
hermes.sivers.pi-.Qint.dx.1,1 - 1 - 12021,1 - 1 - 2021,52.657444,1.2763228431709588,1.0,1.8153909331050433,0.055,0.045,0.067,0.35,0.2,0.7,0.403,1e-05,2.0,0.0169,0.008,0.0038,1.0,True,0.1,0.95,10.0,10000.0,0.938,0.139
hermes.sivers.pi-.Qint.dx.1,1 - 1 - 12021,1 - 1 - 2021,52.657444,1.418097316829843,1.0,2.0567522748255316,0.076,0.067,0.086,0.36,0.2,0.7,0.367,1e-05,2.0,-0.0157,0.0089,0.0034,1.0,True,0.1,0.95,10.0,10000.0,0.938,0.139
hermes.sivers.pi-.Qint.dx.1,1 - 1 - 12021,1 - 1 - 2021,52.657444,1.5655669899432603,1.0,2.357610094990264,0.098,0.086,0.113,0.367,0.2,0.7,0.352,1e-05,2.0,0.0103,0.0082,0.0031,1.0,True,0.1,0.95,10.0,10000.0,0.938,0.139
hermes.sivers.pi-.Qint.dx.1,1 - 1 - 12021,1 - 1 - 2021,52.657444,1.7866169147301836,1.0779001821624068,2.805386818248065,0.133,0.113,0.16,0.369,0.2,0.7,0.344,1e-05,2.0,-0.0053,0.0079,0.0025,1.0,True,0.1,0.95,10.0,10000.0,0.938,0.139
hermes.sivers.pi-.Qint.dx.1,1 - 1 - 12021,1 - 1 - 2021,52.657444,2.0714729059294985,1.318018426058062,3.2896076361779074,0.186,0.16,0.22,0.367,0.2,0.7,0.34,1e-05,2.0,0.0204,0.0108,0.0016,1.0,True,0.1,0.95,10.0,10000.0,0.938,0.139
hermes.sivers.pi-.Qint.dx.1,1 - 1 - 12021,1 - 1 - 2021,52.657444,2.4748737341529163,1.6038552591514275,4.435706031738352,0.275,0.22,0.4,0.363,0.2,0.7,0.354,1e-05,2.0,-0.0192,0.0154,0.0006,1.0,True,0.1,0.95,10.0,10000.0,0.938,0.139
