Name,hermes.sivers.pi-.Qint.dz
Comment,HERMESS SSA-Sivers pi- (integrated in Q, differential in z). The data MUST be evaluated at a point
Reference,0906.3918
Process type,SIDIS
Number of points,7
Number of uncorr.errors,2
Number of corr.errors,0
Number of norm.errors,1
List of norm.errors (relative),0.073
Total cross-section nomalized,False
List of points 
Point id,process id,weightProcess,s[GeV^2],<Q>[GeV],Qmin[GeV],Qmax[GeV],<x>,xMin,xMax,<z>,zMin,zMax,<pT>[GeV],pTMin[GeV],pTMax[GeV],xSec,Uncorr.Err.0,Uncorr.Err.1,Th.Factor,FiducialCuts,yMin,yMax,W2min[GeV^2],W2max[GeV^2],TargetMass[GeV],ProductMass[GeV]
hermes.sivers.pi-.Qint.dz.1,1 - 1 - 12021,1 - 1 - 2021,52.657444,1.5404544783926593,1.0,4.435706031738352,0.084,0.023,0.4,0.233,0.2,0.27,0.352,1e-05,2.0,0.0088,0.0057,0.003,1.0,True,0.1,0.95,10.0,10000.0,0.938,0.139
hermes.sivers.pi-.Qint.dz.1,1 - 1 - 12021,1 - 1 - 2021,52.657444,1.5349267083479914,1.0,4.435706031738352,0.091,0.023,0.4,0.303,0.27,0.34,0.385,1e-05,2.0,0.0072,0.0065,0.005,1.0,True,0.1,0.95,10.0,10000.0,0.938,0.139
hermes.sivers.pi-.Qint.dz.1,1 - 1 - 12021,1 - 1 - 2021,52.657444,1.529051993883792,1.0,4.435706031738352,0.094,0.023,0.4,0.373,0.34,0.41,0.411,1e-05,2.0,0.0205,0.0079,0.007,1.0,True,0.1,0.95,10.0,10000.0,0.938,0.139
hermes.sivers.pi-.Qint.dz.1,1 - 1 - 12021,1 - 1 - 2021,52.657444,1.527088733505686,1.0,4.435706031738352,0.096,0.023,0.4,0.447,0.41,0.49,0.43,1e-05,2.0,0.0007,0.0091,0.009,1.0,True,0.1,0.95,10.0,10000.0,0.938,0.139
hermes.sivers.pi-.Qint.dz.1,1 - 1 - 12021,1 - 1 - 2021,52.657444,1.521512405470294,1.0,4.435706031738352,0.097,0.023,0.4,0.523,0.49,0.56,0.444,1e-05,2.0,-0.0007,0.0118,0.0112,1.0,True,0.1,0.95,10.0,10000.0,0.938,0.139
hermes.sivers.pi-.Qint.dz.1,1 - 1 - 12021,1 - 1 - 2021,52.657444,1.5043270920913443,1.0,4.435706031738352,0.096,0.023,0.4,0.593,0.56,0.63,0.447,1e-05,2.0,0.0117,0.0141,0.0131,1.0,True,0.1,0.95,10.0,10000.0,0.938,0.139
hermes.sivers.pi-.Qint.dz.1,1 - 1 - 12021,1 - 1 - 2021,52.657444,1.498999666444259,1.0,4.435706031738352,0.098,0.023,0.4,0.663,0.63,0.7,0.435,1e-05,2.0,-0.0099,0.0167,0.0151,1.0,True,0.1,0.95,10.0,10000.0,0.938,0.139
