Name,hermes.sivers.k+.Qint.dpt
Comment,HERMESS SSA-Sivers k+ (integrated in Q, differential in pt). The data MUST be evaluated at a point
Reference,0906.3918
Process type,SIDIS
Number of points,7
Number of uncorr.errors,2
Number of corr.errors,0
Number of norm.errors,1
List of norm.errors (relative),0.073
Total cross-section nomalized,False
List of points 
Point id,process id,weightProcess,s[GeV^2],<Q>[GeV],Qmin[GeV],Qmax[GeV],<x>,xMin,xMax,<z>,zMin,zMax,<pT>[GeV],pTMin[GeV],pTMax[GeV],xSec,Uncorr.Err.0,Uncorr.Err.1,Th.Factor,FiducialCuts,yMin,yMax,W2min[GeV^2],W2max[GeV^2],TargetMass[GeV],ProductMass[GeV]
hermes.sivers.k+.Qint.dpt.1,1 - 1 - 12002,1 - 1 - 2002,52.657444,1.6294170736800322,1.0,4.435706031738352,0.111,0.023,0.4,0.367,0.2,0.7,0.111,1e-05,0.17,0.0337,0.0182,0.0324,1.0,True,0.1,0.95,10.0,10000.0,0.938,0.139
hermes.sivers.k+.Qint.dpt.1,1 - 1 - 12002,1 - 1 - 2002,52.657444,1.6183324751113413,1.0,4.435706031738352,0.107,0.023,0.4,0.376,0.2,0.7,0.211,0.17,0.25,0.0646,0.0201,0.0267,1.0,True,0.1,0.95,10.0,10000.0,0.938,0.139
hermes.sivers.k+.Qint.dpt.1,1 - 1 - 12002,1 - 1 - 2002,52.657444,1.6115210206509873,1.0,4.435706031738352,0.103,0.023,0.4,0.38,0.2,0.7,0.29,0.25,0.33,0.0433,0.0205,0.0221,1.0,True,0.1,0.95,10.0,10000.0,0.938,0.139
hermes.sivers.k+.Qint.dpt.1,1 - 1 - 12002,1 - 1 - 2002,52.657444,1.5874507866387544,1.0,4.435706031738352,0.096,0.023,0.4,0.387,0.2,0.7,0.369,0.33,0.41,0.0773,0.0207,0.0176,1.0,True,0.1,0.95,10.0,10000.0,0.938,0.139
hermes.sivers.k+.Qint.dpt.1,1 - 1 - 12002,1 - 1 - 2002,52.657444,1.5620499351813308,1.0,4.435706031738352,0.089,0.023,0.4,0.393,0.2,0.7,0.489,0.41,0.58,0.0922,0.0157,0.0107,1.0,True,0.1,0.95,10.0,10000.0,0.938,0.139
hermes.sivers.k+.Qint.dpt.1,1 - 1 - 12002,1 - 1 - 2002,52.657444,1.529378958924177,1.0,4.435706031738352,0.081,0.023,0.4,0.418,0.2,0.7,0.673,0.58,0.8,0.0904,0.0181,0.0011,1.0,True,0.1,0.95,10.0,10000.0,0.938,0.139
hermes.sivers.k+.Qint.dpt.1,1 - 1 - 12002,1 - 1 - 2002,52.657444,1.500999666888704,1.0,4.435706031738352,0.072,0.023,0.4,0.471,0.2,0.7,0.972,0.8,2.0,0.0757,0.0259,0.0153,1.0,True,0.1,0.95,10.0,10000.0,0.938,0.139
