Name,hermes.sivers.k+.Qint.dz
Comment,HERMESS SSA-Sivers k+ (integrated in Q, differential in z). The data MUST be evaluated at a point
Reference,0906.3918
Process type,SIDIS
Number of points,7
Number of uncorr.errors,2
Number of corr.errors,0
Number of norm.errors,1
List of norm.errors (relative),0.073
Total cross-section nomalized,False
List of points 
Point id,process id,weightProcess,s[GeV^2],<Q>[GeV],Qmin[GeV],Qmax[GeV],<x>,xMin,xMax,<z>,zMin,zMax,<pT>[GeV],pTMin[GeV],pTMax[GeV],xSec,Uncorr.Err.0,Uncorr.Err.1,Th.Factor,FiducialCuts,yMin,yMax,W2min[GeV^2],W2max[GeV^2],TargetMass[GeV],ProductMass[GeV]
hermes.sivers.k+.Qint.dz.1,1 - 1 - 12002,1 - 1 - 2002,52.657444,1.5585249436566615,1.0,4.435706031738352,0.083,0.023,0.4,0.236,0.2,0.27,0.354,1e-05,2.0,0.0235,0.0165,0.0063,1.0,True,0.1,0.95,10.0,10000.0,0.938,0.139
hermes.sivers.k+.Qint.dz.1,1 - 1 - 12002,1 - 1 - 2002,52.657444,1.5728954192825408,1.0,4.435706031738352,0.092,0.023,0.4,0.305,0.27,0.34,0.385,1e-05,2.0,0.0454,0.0161,0.0076,1.0,True,0.1,0.95,10.0,10000.0,0.938,0.139
hermes.sivers.k+.Qint.dz.1,1 - 1 - 12002,1 - 1 - 2002,52.657444,1.5899685531481433,1.0,4.435706031738352,0.097,0.023,0.4,0.374,0.34,0.41,0.415,1e-05,2.0,0.0773,0.0166,0.0088,1.0,True,0.1,0.95,10.0,10000.0,0.938,0.139
hermes.sivers.k+.Qint.dz.1,1 - 1 - 12002,1 - 1 - 2002,52.657444,1.587765725792064,1.0,4.435706031738352,0.099,0.023,0.4,0.448,0.41,0.49,0.443,1e-05,2.0,0.0727,0.0178,0.0101,1.0,True,0.1,0.95,10.0,10000.0,0.938,0.139
hermes.sivers.k+.Qint.dz.1,1 - 1 - 12002,1 - 1 - 2002,52.657444,1.5846135175493108,1.0,4.435706031738352,0.102,0.023,0.4,0.524,0.49,0.56,0.47,1e-05,2.0,0.1358,0.0215,0.0115,1.0,True,0.1,0.95,10.0,10000.0,0.938,0.139
hermes.sivers.k+.Qint.dz.1,1 - 1 - 12002,1 - 1 - 2002,52.657444,1.5974980438172686,1.0,4.435706031738352,0.103,0.023,0.4,0.593,0.56,0.63,0.497,1e-05,2.0,0.0829,0.0255,0.0127,1.0,True,0.1,0.95,10.0,10000.0,0.938,0.139
hermes.sivers.k+.Qint.dz.1,1 - 1 - 12002,1 - 1 - 2002,52.657444,1.600624877977348,1.0,4.435706031738352,0.106,0.023,0.4,0.663,0.63,0.7,0.512,1e-05,2.0,0.1335,0.0296,0.014,1.0,True,0.1,0.95,10.0,10000.0,0.938,0.139
