Name,hermes.sivers.k+.Q<2.dpt
Comment,HERMESS SSA-Sivers k+ (Q<2, differential in pt). The data MUST be evaluated at a point
Reference,0906.3918
Process type,SIDIS
Number of points,7
Number of uncorr.errors,2
Number of corr.errors,0
Number of norm.errors,1
List of norm.errors (relative),0.073
Total cross-section nomalized,False
List of points 
Point id,process id,weightProcess,s[GeV^2],<Q>[GeV],Qmin[GeV],Qmax[GeV],<x>,xMin,xMax,<z>,zMin,zMax,<pT>[GeV],pTMin[GeV],pTMax[GeV],xSec,Uncorr.Err.0,Uncorr.Err.1,Th.Factor,FiducialCuts,yMin,yMax,W2min[GeV^2],W2max[GeV^2],TargetMass[GeV],ProductMass[GeV]
hermes.sivers.k+.Q<2.dpt.1,1 - 1 - 12002,1 - 1 - 2002,52.657444,1.4338758663147937,1.0,2.0,0.091,0.023,0.4,0.368,0.2,0.7,0.111,1e-05,0.17,0.0352,0.0214,0.0217,1.0,True,0.1,0.95,10.0,10000.0,0.938,0.139
hermes.sivers.k+.Q<2.dpt.1,1 - 1 - 12002,1 - 1 - 2002,52.657444,1.4286357128393508,1.0,2.0,0.087,0.023,0.4,0.375,0.2,0.7,0.211,0.17,0.25,0.0799,0.0242,0.0164,1.0,True,0.1,0.95,10.0,10000.0,0.938,0.139
hermes.sivers.k+.Q<2.dpt.1,1 - 1 - 12002,1 - 1 - 2002,52.657444,1.4184498581197715,1.0,2.0,0.082,0.023,0.4,0.38,0.2,0.7,0.29,0.25,0.33,0.0349,0.0248,0.0123,1.0,True,0.1,0.95,10.0,10000.0,0.938,0.139
hermes.sivers.k+.Q<2.dpt.1,1 - 1 - 12002,1 - 1 - 2002,52.657444,1.4099645385611654,1.0,2.0,0.077,0.023,0.4,0.384,0.2,0.7,0.369,0.33,0.41,0.0857,0.0248,0.0083,1.0,True,0.1,0.95,10.0,10000.0,0.938,0.139
hermes.sivers.k+.Q<2.dpt.1,1 - 1 - 12002,1 - 1 - 2002,52.657444,1.3982131454109563,1.0,2.0,0.072,0.023,0.4,0.39,0.2,0.7,0.489,0.41,0.58,0.0917,0.0181,0.0021,1.0,True,0.1,0.95,10.0,10000.0,0.938,0.139
hermes.sivers.k+.Q<2.dpt.1,1 - 1 - 12002,1 - 1 - 2002,52.657444,1.3856406460551018,1.0,2.0,0.066,0.023,0.4,0.415,0.2,0.7,0.674,0.58,0.8,0.1101,0.0201,0.0078,1.0,True,0.1,0.95,10.0,10000.0,0.938,0.139
hermes.sivers.k+.Q<2.dpt.1,1 - 1 - 12002,1 - 1 - 2002,52.657444,1.3776792079435618,1.0,2.0,0.059,0.023,0.4,0.469,0.2,0.7,0.973,0.8,2.0,0.0526,0.0284,0.0218,1.0,True,0.1,0.95,10.0,10000.0,0.938,0.139
