Name,hermes.sivers.k-.Qint.dx
Comment,HERMESS SSA-Sivers k- (integrated in Q, differential in x). The data MUST be evaluated at a point
Reference,0906.3918
Process type,SIDIS
Number of points,7
Number of uncorr.errors,2
Number of corr.errors,0
Number of norm.errors,1
List of norm.errors (relative),0.073
Total cross-section nomalized,False
List of points 
Point id,process id,weightProcess,s[GeV^2],<Q>[GeV],Qmin[GeV],Qmax[GeV],<x>,xMin,xMax,<z>,zMin,zMax,<pT>[GeV],pTMin[GeV],pTMax[GeV],xSec,Uncorr.Err.0,Uncorr.Err.1,Th.Factor,FiducialCuts,yMin,yMax,W2min[GeV^2],W2max[GeV^2],TargetMass[GeV],ProductMass[GeV]
hermes.sivers.k-.Qint.dx.1,1 - 1 - 12022,1 - 1 - 2022,52.657444,1.1353413583587977,1.0,1.4877810322759193,0.035,0.023,0.045,0.339,0.2,0.7,0.507,1e-05,2.0,0.0053,0.0298,0.0189,1.0,True,0.1,0.95,10.0,10000.0,0.938,0.139
hermes.sivers.k-.Qint.dx.1,1 - 1 - 12022,1 - 1 - 2022,52.657444,1.2907362240210043,1.0,1.8153909331050433,0.055,0.045,0.067,0.358,0.2,0.7,0.421,1e-05,2.0,0.0519,0.0263,0.0141,1.0,True,0.1,0.95,10.0,10000.0,0.938,0.139
hermes.sivers.k-.Qint.dx.1,1 - 1 - 12022,1 - 1 - 2022,52.657444,1.4449913494550755,1.0,2.0567522748255316,0.076,0.067,0.086,0.363,0.2,0.7,0.381,1e-05,2.0,0.0316,0.0307,0.0092,1.0,True,0.1,0.95,10.0,10000.0,0.938,0.139
hermes.sivers.k-.Qint.dx.1,1 - 1 - 12022,1 - 1 - 2022,52.657444,1.6077935190813526,1.0,2.357610094990264,0.098,0.086,0.113,0.37,0.2,0.7,0.366,1e-05,2.0,0.0294,0.029,0.004,1.0,True,0.1,0.95,10.0,10000.0,0.938,0.139
hermes.sivers.k-.Qint.dx.1,1 - 1 - 12022,1 - 1 - 2022,52.657444,1.8371173070873836,1.0779001821624068,2.805386818248065,0.133,0.113,0.16,0.37,0.2,0.7,0.363,1e-05,2.0,0.0246,0.0281,0.0048,1.0,True,0.1,0.95,10.0,10000.0,0.938,0.139
hermes.sivers.k-.Qint.dx.1,1 - 1 - 12022,1 - 1 - 2022,52.657444,2.133307291507719,1.318018426058062,3.2896076361779074,0.186,0.16,0.22,0.369,0.2,0.7,0.351,1e-05,2.0,0.0067,0.0367,0.0171,1.0,True,0.1,0.95,10.0,10000.0,0.938,0.139
hermes.sivers.k-.Qint.dx.1,1 - 1 - 12022,1 - 1 - 2022,52.657444,2.5101792764661255,1.6038552591514275,4.435706031738352,0.275,0.22,0.4,0.37,0.2,0.7,0.364,1e-05,2.0,0.0086,0.0524,0.0378,1.0,True,0.1,0.95,10.0,10000.0,0.938,0.139
