Name,hermes.sivers.pi+.Q>2.dpt
Comment,HERMESS SSA-Sivers pi+ (Q>2, differential in pt). The data MUST be evaluated at a point
Reference,0906.3918
Process type,SIDIS
Number of points,7
Number of uncorr.errors,2
Number of corr.errors,0
Number of norm.errors,1
List of norm.errors (relative),0.073
Total cross-section nomalized,False
List of points 
Point id,process id,weightProcess,s[GeV^2],<Q>[GeV],Qmin[GeV],Qmax[GeV],<x>,xMin,xMax,<z>,zMin,zMax,<pT>[GeV],pTMin[GeV],pTMax[GeV],xSec,Uncorr.Err.0,Uncorr.Err.1,Th.Factor,FiducialCuts,yMin,yMax,W2min[GeV^2],W2max[GeV^2],TargetMass[GeV],ProductMass[GeV]
hermes.sivers.pi+.Q>2.dpt.1,1 - 1 - 12001,1 - 1 - 2001,52.657444,2.36093201935168,2.0,19.675488,0.214,0.023,0.4,0.328,0.2,0.7,0.11,1e-05,0.17,0.002,0.0156,0.008,1.0,True,0.1,0.95,10.0,10000.0,0.938,0.139
hermes.sivers.pi+.Q>2.dpt.1,1 - 1 - 12001,1 - 1 - 2001,52.657444,2.3605084198112913,2.0,19.675488,0.214,0.023,0.4,0.338,0.2,0.7,0.211,0.17,0.25,0.0491,0.0161,0.0075,1.0,True,0.1,0.95,10.0,10000.0,0.938,0.139
hermes.sivers.pi+.Q>2.dpt.1,1 - 1 - 12001,1 - 1 - 2001,52.657444,2.3566925976885487,2.0,19.675488,0.213,0.023,0.4,0.348,0.2,0.7,0.289,0.25,0.33,0.0342,0.016,0.0072,1.0,True,0.1,0.95,10.0,10000.0,0.938,0.139
hermes.sivers.pi+.Q>2.dpt.1,1 - 1 - 12001,1 - 1 - 2001,52.657444,2.3515952032609695,2.0,19.675488,0.208,0.023,0.4,0.36,0.2,0.7,0.369,0.33,0.41,0.0826,0.0169,0.0068,1.0,True,0.1,0.95,10.0,10000.0,0.938,0.139
hermes.sivers.pi+.Q>2.dpt.1,1 - 1 - 12001,1 - 1 - 2001,52.657444,2.3402991261802413,2.0,19.675488,0.2,0.023,0.4,0.373,0.2,0.7,0.487,0.41,0.58,0.0532,0.014,0.0063,1.0,True,0.1,0.95,10.0,10000.0,0.938,0.139
hermes.sivers.pi+.Q>2.dpt.1,1 - 1 - 12001,1 - 1 - 2001,52.657444,2.3364502990648015,2.0,19.675488,0.194,0.023,0.4,0.401,0.2,0.7,0.669,0.58,0.8,0.105,0.0192,0.0055,1.0,True,0.1,0.95,10.0,10000.0,0.938,0.139
hermes.sivers.pi+.Q>2.dpt.1,1 - 1 - 12001,1 - 1 - 2001,52.657444,2.3244354153213203,2.0,19.675488,0.182,0.023,0.4,0.464,0.2,0.7,0.949,0.8,2.0,0.0975,0.0324,0.0043,1.0,True,0.1,0.95,10.0,10000.0,0.938,0.139
