Name,hermes.sivers.pi0.Qint.dx
Comment,HERMESS SSA-Sivers pi0 (integrated in Q, differential in x). The data MUST be evaluated at a point
Reference,0906.3918
Process type,SIDIS
Number of points,7
Number of uncorr.errors,2
Number of corr.errors,0
Number of norm.errors,1
List of norm.errors (relative),0.073
Total cross-section nomalized,False
List of points 
Point id,process id,weightProcess,s[GeV^2],<Q>[GeV],Qmin[GeV],Qmax[GeV],<x>,xMin,xMax,<z>,zMin,zMax,<pT>[GeV],pTMin[GeV],pTMax[GeV],xSec,Uncorr.Err.0,Uncorr.Err.1,Th.Factor,FiducialCuts,yMin,yMax,W2min[GeV^2],W2max[GeV^2],TargetMass[GeV],ProductMass[GeV]
hermes.sivers.pi0.Qint.dx.1,1 - 1 - 12001,1 - 1 - 2001,52.657444,1.1371015785759864,1.0,1.4877810322759193,0.035,0.023,0.045,0.351,0.2,0.7,0.54,1e-05,2.0,0.0113,0.0296,0.0227,1.0,True,0.1,0.95,10.0,10000.0,0.938,0.139
hermes.sivers.pi0.Qint.dx.1,1 - 1 - 12001,1 - 1 - 2001,52.657444,1.3084341787036902,1.0,1.8153909331050433,0.055,0.045,0.067,0.386,0.2,0.7,0.451,1e-05,2.0,-0.0331,0.025,0.018,1.0,True,0.1,0.95,10.0,10000.0,0.938,0.139
hermes.sivers.pi0.Qint.dx.1,1 - 1 - 12001,1 - 1 - 2001,52.657444,1.4778362561528933,1.0,2.0567522748255316,0.076,0.067,0.086,0.406,0.2,0.7,0.416,1e-05,2.0,0.0585,0.0263,0.0134,1.0,True,0.1,0.95,10.0,10000.0,0.938,0.139
hermes.sivers.pi0.Qint.dx.1,1 - 1 - 12001,1 - 1 - 2001,52.657444,1.6446884203398526,1.0,2.357610094990264,0.098,0.086,0.113,0.414,0.2,0.7,0.392,1e-05,2.0,0.0264,0.0225,0.0081,1.0,True,0.1,0.95,10.0,10000.0,0.938,0.139
hermes.sivers.pi0.Qint.dx.1,1 - 1 - 12001,1 - 1 - 2001,52.657444,1.883878977004627,1.0779001821624068,2.805386818248065,0.133,0.113,0.16,0.421,0.2,0.7,0.372,1e-05,2.0,0.0174,0.0202,0.0014,1.0,True,0.1,0.95,10.0,10000.0,0.938,0.139
hermes.sivers.pi0.Qint.dx.1,1 - 1 - 12001,1 - 1 - 2001,52.657444,2.1716353285024628,1.318018426058062,3.2896076361779074,0.185,0.16,0.22,0.428,0.2,0.7,0.364,1e-05,2.0,0.0419,0.0259,0.0124,1.0,True,0.1,0.95,10.0,10000.0,0.938,0.139
hermes.sivers.pi0.Qint.dx.1,1 - 1 - 12001,1 - 1 - 2001,52.657444,2.5750728145044754,1.6038552591514275,4.435706031738352,0.273,0.22,0.4,0.432,0.2,0.7,0.378,1e-05,2.0,0.0784,0.037,0.0328,1.0,True,0.1,0.95,10.0,10000.0,0.938,0.139
