Name,hermes.sivers.pi0.Qint.dz
Comment,HERMESS SSA-Sivers pi0 (integrated in Q, differential in z). The data MUST be evaluated at a point
Reference,0906.3918
Process type,SIDIS
Number of points,7
Number of uncorr.errors,2
Number of corr.errors,0
Number of norm.errors,1
List of norm.errors (relative),0.073
Total cross-section nomalized,False
List of points 
Point id,process id,weightProcess,s[GeV^2],<Q>[GeV],Qmin[GeV],Qmax[GeV],<x>,xMin,xMax,<z>,zMin,zMax,<pT>[GeV],pTMin[GeV],pTMax[GeV],xSec,Uncorr.Err.0,Uncorr.Err.1,Th.Factor,FiducialCuts,yMin,yMax,W2min[GeV^2],W2max[GeV^2],TargetMass[GeV],ProductMass[GeV]
hermes.sivers.pi0.Qint.dz.1,1 - 1 - 12001,1 - 1 - 2001,52.657444,1.536554587380481,1.0,4.435706031738352,0.072,0.023,0.4,0.236,0.2,0.27,0.39,1e-05,2.0,0.0387,0.0255,0.0018,1.0,True,0.1,0.95,10.0,10000.0,0.938,0.139
hermes.sivers.pi0.Qint.dz.1,1 - 1 - 12001,1 - 1 - 2001,52.657444,1.5537052487521563,1.0,4.435706031738352,0.081,0.023,0.4,0.304,0.27,0.34,0.42,1e-05,2.0,-0.0006,0.0196,0.0014,1.0,True,0.1,0.95,10.0,10000.0,0.938,0.139
hermes.sivers.pi0.Qint.dz.1,1 - 1 - 12001,1 - 1 - 2001,52.657444,1.5642889758609182,1.0,4.435706031738352,0.087,0.023,0.4,0.374,0.34,0.41,0.446,1e-05,2.0,0.0325,0.0189,0.0044,1.0,True,0.1,0.95,10.0,10000.0,0.938,0.139
hermes.sivers.pi0.Qint.dz.1,1 - 1 - 12001,1 - 1 - 2001,52.657444,1.57670542588018,1.0,4.435706031738352,0.093,0.023,0.4,0.448,0.41,0.49,0.464,1e-05,2.0,0.0487,0.018,0.0077,1.0,True,0.1,0.95,10.0,10000.0,0.938,0.139
hermes.sivers.pi0.Qint.dz.1,1 - 1 - 12001,1 - 1 - 2001,52.657444,1.590911688309568,1.0,4.435706031738352,0.098,0.023,0.4,0.523,0.49,0.56,0.472,1e-05,2.0,0.0239,0.0208,0.0109,1.0,True,0.1,0.95,10.0,10000.0,0.938,0.139
hermes.sivers.pi0.Qint.dz.1,1 - 1 - 12001,1 - 1 - 2001,52.657444,1.5974980438172686,1.0,4.435706031738352,0.102,0.023,0.4,0.593,0.56,0.63,0.488,1e-05,2.0,0.0162,0.0231,0.0134,1.0,True,0.1,0.95,10.0,10000.0,0.938,0.139
hermes.sivers.pi0.Qint.dz.1,1 - 1 - 12001,1 - 1 - 2001,52.657444,1.607171428317465,1.0,4.435706031738352,0.106,0.023,0.4,0.663,0.63,0.7,0.495,1e-05,2.0,0.1001,0.0264,0.017,1.0,True,0.1,0.95,10.0,10000.0,0.938,0.139
